,Country,Region,IncomeGroup,Unnamed: 0,Country Code,1990,1991,1992,1993,1994,1995,1996,1997,1998,1999,2000,2001,2002,2003,2004,2005,2006,2007,2008,2009,2010,2011,2012,2013,2014,2015,2016,2017,2018,2019,2020
0,Albania,Europe & Central Asia,Upper middle income,5,ALB,2028553750.0,1099559028.0,652174990.8,1185315468.0,1880951520.0,2392764853.0,3199641336.0,2258513974.0,2545964541.0,3212121651.0,3480355258.0,3922100794.0,4348068242.0,5611496257.0,7184685782.0,8052073539.0,8896072919.0,10677324144.0,12881353508.0,12044208086.0,11926922829.0,12890764531.0,12319830437.0,12776220507.0,13228147516.0,11386850130.0,11861199831.0,13019689337.0,15156432310.0,15400242875.0,14887629268.0
1,United Arab Emirates,Middle East & North Africa,High income,8,ARE,50701443748.0,51552165622.0,54239171888.0,55625170253.0,59305093980.0,65743666576.0,73571233996.0,78839008445.0,75674336283.0,84445473111.0,104337000000.0,103312000000.0,109816000000.0,124346000000.0,147824000000.0,180617000000.0,222117000000.0,257916000000.0,315475000000.0,253547000000.0,289787000000.0,350666000000.0,374591000000.0,390108000000.0,403137000000.0,358135000000.0,357045000000.0,385606000000.0,422215000000.0,417216000000.0,358869000000.0
2,Argentina,Latin America & Caribbean,Upper middle income,9,ARG,141352000000.0,189720000000.0,228789000000.0,236742000000.0,257440000000.0,258032000000.0,272150000000.0,292859000000.0,298948000000.0,283523000000.0,284204000000.0,268697000000.0,97724004252.0,127587000000.0,164658000000.0,198737000000.0,232557000000.0,287531000000.0,361558000000.0,332976000000.0,423627000000.0,530163000000.0,545982000000.0,552025000000.0,526320000000.0,594749000000.0,557531000000.0,643629000000.0,524820000000.0,451932000000.0,389288000000.0
3,Armenia,Europe & Central Asia,Upper middle income,10,ARM,2256838858.0,2069870130.0,1272835453.0,1201312829.0,1315158637.0,1468317435.0,1596968946.0,1639492445.0,1893726437.0,1845482173.0,1911563669.0,2118467913.0,2376335048.0,2807061009.0,3576615240.0,4900469950.0,6384451606.0,9206301700.0,11662040714.0,8647936748.0,9260284938.0,10142111334.0,10619320049.0,11121465767.0,11609512940.0,10553337673.0,10546135160.0,11527458566.0,12457941907.0,13619291361.0,12641209802.0
4,Antigua and Barbuda,Latin America & Caribbean,High income,12,ATG,459470370.4,481707407.4,499281481.5,535174074.1,589429629.6,577281481.5,633729629.6,680618518.5,727859259.3,766200000.0,826370370.4,800481481.5,814381481.5,856396296.3,919729629.6,1022962963.0,1157662963.0,1312759259.0,1370070370.0,1228329630.0,1148700000.0,1137637037.0,1199948148.0,1181448148.0,1249733333.0,1336692593.0,1436585185.0,1467977778.0,1605944444.0,1687533333.0,1370281481.0
5,Australia,East Asia & Pacific,High income,13,AUS,311327000000.0,325903000000.0,325480000000.0,312126000000.0,322807000000.0,367916000000.0,401090000000.0,435324000000.0,399404000000.0,389099000000.0,415576000000.0,379084000000.0,395343000000.0,467391000000.0,614166000000.0,695075000000.0,747556000000.0,853955000000.0,1055130000000.0,928043000000.0,1147590000000.0,1397910000000.0,1546510000000.0,1576340000000.0,1467500000000.0,1350530000000.0,1206690000000.0,1326880000000.0,1428530000000.0,1391950000000.0,1327840000000.0
6,Austria,Europe & Central Asia,High income,14,AUT,166463000000.0,173794000000.0,195078000000.0,190380000000.0,203535000000.0,241038000000.0,237251000000.0,212790000000.0,218260000000.0,217186000000.0,196800000000.0,197338000000.0,213378000000.0,261696000000.0,300904000000.0,315974000000.0,335999000000.0,388691000000.0,430294000000.0,400172000000.0,391893000000.0,431120000000.0,409425000000.0,430069000000.0,441996000000.0,381818000000.0,395569000000.0,416230000000.0,454946000000.0,445012000000.0,433258000000.0
7,Burundi,Sub-Saharan Africa,Low income,16,BDI,1132101253.0,1167398478.0,1083037671.0,938632612.0,925030590.2,1000428394.0,869033856.3,972896267.9,893770806.1,808077223.4,870486065.9,876794723.1,825394490.2,784654423.6,915257323.4,1117113046.0,1273375020.0,1356199365.0,1611835902.0,1781455092.0,2032135247.0,2235820868.0,2333308099.0,2451625333.0,2705783272.0,3104394858.0,2732808557.0,2748180474.0,2668495743.0,2631434363.0,2841786382.0
8,Belgium,Europe & Central Asia,High income,17,BEL,205332000000.0,210511000000.0,234782000000.0,224722000000.0,244884000000.0,288026000000.0,279201000000.0,252708000000.0,258528000000.0,258159000000.0,236205000000.0,236541000000.0,257158000000.0,317382000000.0,368537000000.0,385571000000.0,407918000000.0,470324000000.0,515224000000.0,481346000000.0,480952000000.0,522646000000.0,496181000000.0,521643000000.0,534678000000.0,462150000000.0,475740000000.0,501523000000.0,543008000000.0,535289000000.0,521861000000.0
9,Benin,Sub-Saharan Africa,Lower middle income,18,BEN,1959965244.0,1986437860.0,1695315306.0,2274557914.0,1598075932.0,2169627251.0,2361116588.0,2268301538.0,2455092582.0,3677394292.0,3519991326.0,3666222600.0,4194342849.0,5349258334.0,6190270756.0,6567654494.0,7034111651.0,8169048690.0,9787735426.0,9738626993.0,9535344283.0,10693321954.0,11141358945.0,12517845732.0,13284528654.0,11388160958.0,11821066153.0,12701654743.0,14262407012.0,14391686633.0,15651545332.0
10,Burkina Faso,Sub-Saharan Africa,Low income,19,BFA,3101300642.0,3135045684.0,3356692518.0,3199536228.0,1895290623.0,2379518099.0,2586550747.0,2447668985.0,2804902248.0,3389566983.0,2968369991.0,3190371050.0,3622350204.0,4740768355.0,5451688868.0,6146352742.0,6547420134.0,7625723124.0,9451436359.0,9450697336.0,10109618964.0,12080296644.0,12561016091.0,13444301139.0,13943016924.0,11832159276.0,12833363370.0,14106956830.0,15890065020.0,16178162030.0,17933606353.0
11,Bangladesh,South Asia,Lower middle income,20,BGD,31598341234.0,30957483950.0,31708874594.0,33166519418.0,33768660883.0,37939748769.0,46438484108.0,48244309133.0,49984559471.0,51270569884.0,53369787319.0,53991289844.0,54724081491.0,60158929188.0,65108544250.0,69442943089.0,71819083684.0,79611888213.0,91631278239.0,102478000000.0,115279000000.0,128638000000.0,133356000000.0,149990000000.0,172885000000.0,195079000000.0,221415000000.0,249711000000.0,274039000000.0,302571000000.0,323057000000.0
12,Bulgaria,Europe & Central Asia,Upper middle income,21,BGR,20632090909.0,10943548387.0,10350515464.0,10829710145.0,9697416974.0,18983303571.0,12294221473.0,11315986087.0,15030695297.0,13627323285.0,13245833844.0,14183497963.0,16402846413.0,21144983552.0,26157894737.0,29869283400.0,34379808889.0,44405101470.0,54438966420.0,52023504656.0,50682061053.0,57678241024.0,54300857424.0,55810138436.0,57082011260.0,50781996713.0,53953897624.0,59199447421.0,66363422450.0,68915416142.0,69889347433.0
13,Bahrain,Middle East & North Africa,High income,22,BHR,4229787234.0,4616223404.0,4751063830.0,5200265957.0,5567553457.0,5849467819.0,6101861436.0,6349202394.0,6183776596.0,6621010372.0,9062898936.0,8976196809.0,9593510638.0,11074813830.0,13150159574.0,15968723404.0,18504760638.0,21730000000.0,25710904255.0,22938218085.0,25713271277.0,28776595745.0,30749308511.0,32539468085.0,33387712766.0,31050638298.0,32234973404.0,35473776596.0,37801462766.0,38652579787.0,34729228723.0
14,"Bahamas, The",Latin America & Caribbean,High income,23,BHS,3166000000.0,3111160000.0,3109000000.0,3092000000.0,3259000000.0,3429000000.0,3609000000.0,6332360000.0,6833220000.0,7683870000.0,8076470000.0,8317830000.0,8881160000.0,8870090000.0,9055290000.0,9836200000.0,10167250000.0,10618340000.0,10526000000.0,9981960000.0,10095760000.0,10070450000.0,10720500000.0,10494600000.0,11142900000.0,11890600000.0,11992600000.0,12359700000.0,12837800000.0,13164400000.0,9907500000.0
15,Belize,Latin America & Caribbean,Lower middle income,26,BLZ,412086445.5,444720750.0,518559700.0,560205300.0,581269550.0,620422500.0,641660000.0,654582900.0,689140000.0,732732350.0,832072450.0,868358750.0,925197950.0,983575600.0,1051386600.0,1102564900.0,1210603750.0,1271598050.0,1351338650.0,1317309450.0,1377177100.0,1460797903.0,1522897506.0,1579411253.0,1667335061.0,1721700991.0,1789304088.0,1858529677.0,1915899787.0,1982518541.0,1636280797.0
16,Bermuda,North America,High income,27,BMU,1592400000.0,1634900000.0,1679900000.0,1820359900.0,1867160100.0,2030750000.0,2695390000.0,2932827000.0,3130748000.0,3324433000.0,3480219000.0,3680483000.0,3937228000.0,4186525000.0,4484703000.0,4868136000.0,6144000000.0,6767000000.0,6980000000.0,6656000000.0,6634526000.0,6312691000.0,6378188000.0,6465756000.0,6413988000.0,6654541000.0,6899911000.0,7142316000.0,7224329000.0,7484113000.0,6842700000.0
17,Bolivia,Latin America & Caribbean,Lower middle income,28,BOL,4867582620.0,5343274312.0,5643893347.0,5734676561.0,5981244887.0,6715220507.0,7396966657.0,7925673448.0,8497545598.0,8285075872.0,8397912509.0,8141537938.0,7905485216.0,8082364868.0,8773451739.0,9549077869.0,11451869165.0,13120183157.0,16674324634.0,17339992165.0,19649631314.0,23963033431.0,27084497483.0,30659338880.0,32996188013.0,33000198248.0,33941126200.0,37508642165.0,40287647930.0,40895322844.0,36572764863.0
18,Brazil,Latin America & Caribbean,Upper middle income,29,BRA,390726000000.0,342609000000.0,328188000000.0,368296000000.0,525370000000.0,769333000000.0,850426000000.0,883206000000.0,863711000000.0,599642000000.0,655448000000.0,559984000000.0,509795000000.0,558234000000.0,669289000000.0,891634000000.0,1107630000000.0,1397110000000.0,1695860000000.0,1667000000000.0,2208840000000.0,2616160000000.0,2465230000000.0,2472820000000.0,2456040000000.0,1802210000000.0,1795690000000.0,2063510000000.0,1916930000000.0,1877820000000.0,1444730000000.0
19,Barbados,Latin America & Caribbean,High income,30,BRB,2012131457.0,2020583702.0,1957000000.0,2063342117.0,2151344901.0,2216974096.0,2363645403.0,2498384130.0,2817083478.0,2951822205.0,3059500000.0,3054500000.0,3106500000.0,3209500000.0,3444500000.0,3819500000.0,4217500000.0,4674000000.0,4785000000.0,4465500000.0,4530000000.0,4657500000.0,4610000000.0,4677000000.0,4696500000.0,4715000000.0,4830000000.0,4978000000.0,5086500000.0,5209000000.0,4418000000.0
20,Brunei Darussalam,East Asia & Pacific,High income,31,BRN,3520551724.0,3701667053.0,4183548189.0,4105706152.0,4087337960.0,4734020037.0,5115602837.0,5197332974.0,4051147228.0,4600000000.0,6001153306.0,5601090584.0,5843329108.0,6557333085.0,7872333215.0,9531402848.0,11470703002.0,12247694247.0,14393099069.0,10732366286.0,13707370737.0,18525319978.0,19047940301.0,18093829923.0,17098342541.0,12930394938.0,11400854268.0,12128104859.0,13567351175.0,13469422959.0,12005825770.0
21,Bhutan,South Asia,Lower middle income,32,BTN,287658184.0,240319995.6,240215763.9,225998091.2,258985597.7,290464801.1,303435517.9,352260952.9,363452787.2,399268801.7,424464089.9,461444513.7,520849551.5,604041957.9,682523857.0,796938120.2,874989895.6,1168308517.0,1227808791.0,1234014292.0,1547991318.0,1777101317.0,1781281282.0,1756215665.0,1907090813.0,2003598213.0,2158972129.0,2450364928.0,2446866405.0,2535657069.0,2315437338.0
22,Botswana,Sub-Saharan Africa,Upper middle income,33,BWA,3790567052.0,3942792837.0,4146513722.0,4160086253.0,4259330999.0,4730611067.0,4847752843.0,5020214747.0,4790458837.0,5484257417.0,5788329609.0,5489608300.0,5438857107.0,7511582173.0,8957467707.0,9918907108.0,10137883299.0,10939053365.0,10945070442.0,10267133178.0,12786654498.0,15351972361.0,14380004175.0,14901750991.0,15654660710.0,13578754072.0,15082578065.0,16088437675.0,16914245098.0,16593720656.0,15061922802.0
23,Central African Republic,Sub-Saharan Africa,Low income,34,CAF,1440711396.0,1377375031.0,1411917558.0,1278781167.0,851174350.6,1115389732.0,1007791186.0,937741468.0,967338348.7,999477510.7,914500299.1,931833302.8,991387870.1,1139754799.0,1270080251.0,1337362392.0,1460561215.0,1697565949.0,1985240986.0,2059094048.0,2142591376.0,2437982840.0,2510126699.0,1691544192.0,1894813505.0,1695825708.0,1825018191.0,2072349794.0,2220978978.0,2220307369.0,2380087758.0
24,Canada,North America,High income,35,CAN,593930000000.0,610328000000.0,592388000000.0,577171000000.0,578139000000.0,604032000000.0,628546000000.0,654987000000.0,634000000000.0,678412000000.0,744773000000.0,738982000000.0,760649000000.0,895541000000.0,1026690000000.0,1173110000000.0,1319260000000.0,1468820000000.0,1552990000000.0,1374630000000.0,1617340000000.0,1793330000000.0,1828370000000.0,1846600000000.0,1805750000000.0,1556510000000.0,1527990000000.0,1649270000000.0,1721850000000.0,1741580000000.0,1644040000000.0
25,Switzerland,Europe & Central Asia,High income,37,CHE,265987000000.0,269128000000.0,280157000000.0,272466000000.0,301628000000.0,353133000000.0,340471000000.0,295121000000.0,303882000000.0,298520000000.0,279841000000.0,287227000000.0,310176000000.0,363063000000.0,405531000000.0,420545000000.0,443802000000.0,493537000000.0,570304000000.0,558200000000.0,603434000000.0,722038000000.0,692110000000.0,712748000000.0,734397000000.0,702150000000.0,695601000000.0,704479000000.0,735539000000.0,731767000000.0,752248000000.0
26,Chile,Latin America & Caribbean,High income,39,CHL,33113887818.0,37834793730.0,45964327559.0,49297773130.0,57008425296.0,73447063319.0,78039572222.0,84952360922.0,81577430181.0,75173794497.0,77860932152.0,70979923960.0,69736811435.0,75643459840.0,99210392858.0,122965000000.0,154788000000.0,173606000000.0,179638000000.0,172389000000.0,218538000000.0,252252000000.0,267122000000.0,278384000000.0,260542000000.0,243919000000.0,250440000000.0,277035000000.0,297572000000.0,279385000000.0,252940000000.0
27,China,East Asia & Pacific,Upper middle income,40,CHN,360858000000.0,383373000000.0,426916000000.0,444731000000.0,564325000000.0,734548000000.0,863747000000.0,961604000000.0,1029040000000.0,1094000000000.0,1211350000000.0,1339400000000.0,1470550000000.0,1660290000000.0,1955350000000.0,2285970000000.0,2752130000000.0,3550340000000.0,4594310000000.0,5101700000000.0,6087160000000.0,7551500000000.0,8532230000000.0,9570410000000.0,10475700000000.0,11061600000000.0,11233300000000.0,12310400000000.0,13894800000000.0,14279900000000.0,14722700000000.0
28,Cameroon,Sub-Saharan Africa,Lower middle income,42,CMR,12314482085.0,11840192674.0,12071775381.0,16181813512.0,8902446188.0,10864773037.0,11093539497.0,10789457915.0,11298144512.0,11565827386.0,10566578953.0,10953485244.0,12417251816.0,15970315751.0,18826215278.0,19509850837.0,20910513975.0,23928251334.0,27715144580.0,27932971683.0,27507499709.0,30630912185.0,30155064574.0,33728622819.0,36386546918.0,32210232912.0,33814337900.0,36098550142.0,39973839065.0,39670977333.0,40804449726.0
29,"Congo, Dem. Rep.",Sub-Saharan Africa,Low income,43,COD,9349764580.0,9633911368.0,8227200892.0,10706246371.0,5840529412.0,5647034188.0,5772020526.0,6091061291.0,6215716712.0,4711259427.0,19088046306.0,7438189100.0,8728038525.0,8937567060.0,10297483481.0,11964484668.0,14451902468.0,16737071816.0,19788515874.0,18648373312.0,21565720044.0,25839749199.0,29306235826.0,32679745298.0,35909040266.0,37917704900.0,37134799975.0,38019265626.0,47146004587.0,50400747050.0,48716960860.0
30,"Congo, Rep.",Sub-Saharan Africa,Lower middle income,44,COG,2798746051.0,2724853593.0,2933222714.0,2684323424.0,1769365425.0,2116003978.0,2540697688.0,2322718991.0,1949481297.0,2353909564.0,3227927593.0,2796704577.0,3034251042.0,3503723245.0,4656975223.0,6647357442.0,8065134528.0,8771102025.0,11602893043.0,9684321633.0,13135580695.0,15634897273.0,17693924573.0,17953617927.0,17889079958.0,11885478502.0,10215989995.0,11090177747.0,13670036996.0,12750339023.0,10187122341.0
31,Colombia,Latin America & Caribbean,Upper middle income,45,COL,47844090710.0,49175565911.0,58418985443.0,66446804803.0,81703500846.0,92507279383.0,97160109278.0,106660000000.0,98443739941.0,86186158685.0,99886577331.0,98211749596.0,97963003805.0,94641378693.0,117082000000.0,145619000000.0,161619000000.0,206182000000.0,242187000000.0,232398000000.0,286563000000.0,334944000000.0,370921000000.0,382116000000.0,381112000000.0,293482000000.0,282825000000.0,311884000000.0,334198000000.0,323430000000.0,271438000000.0
32,Comoros,Sub-Saharan Africa,Lower middle income,46,COM,429622147.7,424108796.6,457388578.9,452881443.1,319189200.4,398461789.6,396053797.6,364445589.7,370106776.0,382454989.9,351136568.4,378512003.4,425964697.4,546885185.0,633706149.3,653845122.9,698431827.7,795673128.5,915659192.8,905341090.6,907978723.5,1023086184.0,1015843369.0,1116224161.0,1149587652.0,966029542.0,1012835518.0,1077439663.0,1188797575.0,1192559739.0,1235400352.0
33,Cabo Verde,Sub-Saharan Africa,Lower middle income,47,CPV,306891107.3,319827058.6,357160985.3,490417389.7,406580652.3,487148993.5,501979069.3,490608657.9,521910560.5,592416703.1,539227277.6,563024383.3,620974660.2,813963830.2,924318490.8,971977088.2,1107891063.0,1513933983.0,1789333749.0,1711817182.0,1664310770.0,1865915544.0,1741809809.0,1850470042.0,1859898513.0,1596800287.0,1662998678.0,1768319144.0,1966503223.0,1981845741.0,1703698677.0
34,Costa Rica,Latin America & Caribbean,Upper middle income,48,CRI,5711687787.0,7196276092.0,8564044017.0,9582866263.0,10486784805.0,11578594260.0,11678424507.0,12614602382.0,13684255947.0,14254866281.0,15013629659.0,15976174337.0,16578820687.0,17271760507.0,18610594846.0,20040642477.0,22715540324.0,26884700345.0,30801744881.0,30745712007.0,37658614803.0,42762617082.0,47231651863.0,50949672206.0,52016408951.0,56441917653.0,58847016045.0,60516043590.0,62420165100.0,64072870932.0,61846895121.0
35,Cuba,Latin America & Caribbean,Upper middle income,50,CUB,28645436569.0,24316556026.0,22085858243.0,22367254865.0,28448326757.0,30429803651.0,25017368700.0,25365908100.0,25736331200.0,28364615200.0,30565400000.0,31682400000.0,33590500000.0,35901200000.0,38203000000.0,42643836100.0,52742800000.0,58603900000.0,60806300000.0,62080000000.0,64328000000.0,68990000000.0,73141000000.0,77148000000.0,80656000000.0,87133000000.0,91370000000.0,96851000000.0,100050000000.0,103428000000.0,107352000000.0
36,Cyprus,Europe & Central Asia,High income,53,CYP,5591130218.0,5770197348.0,6912150456.0,6590291048.0,7425703929.0,9933133247.0,10011918444.0,9547818700.0,10248617647.0,10497908306.0,9985844486.0,10397897086.0,11420227885.0,14547325028.0,17320552500.0,18433411267.0,20072786351.0,23968764030.0,27844698989.0,25945391775.0,25732432719.0,27565469098.0,24978513427.0,23900872626.0,23156850007.0,19842404305.0,20953442550.0,22870833710.0,25522671233.0,25758357775.0,24612646488.0
37,Czech Republic,Europe & Central Asia,High income,54,CZE,40728950705.0,29859921159.0,34805013230.0,40866748705.0,47850203856.0,60147174077.0,67387788633.0,62180159376.0,66807429711.0,65173130995.0,61828166496.0,67808032980.0,82196001051.0,100090000000.0,119814000000.0,137143000000.0,156264000000.0,190184000000.0,236816000000.0,207434000000.0,209070000000.0,229563000000.0,208858000000.0,211686000000.0,209359000000.0,188033000000.0,196272000000.0,218629000000.0,248950000000.0,252498000000.0,245349000000.0
38,Germany,Europe & Central Asia,High income,55,DEU,1771670000000.0,1868950000000.0,2131570000000.0,2071320000000.0,2205070000000.0,2585790000000.0,2497240000000.0,2211990000000.0,2238990000000.0,2194200000000.0,1943150000000.0,1944110000000.0,2068620000000.0,2496130000000.0,2809190000000.0,2845800000000.0,2992200000000.0,3421230000000.0,3730030000000.0,3397790000000.0,3396350000000.0,3744410000000.0,3527340000000.0,3732740000000.0,3883920000000.0,3356240000000.0,3467500000000.0,3681730000000.0,3975350000000.0,3888330000000.0,3846410000000.0
39,Djibouti,Middle East & North Africa,Lower middle income,56,DJI,452328087.3,462421998.5,478058304.9,466048469.2,491689220.7,497723960.6,494004647.7,502675542.0,514267869.3,536080148.1,551230861.9,572417440.8,591122039.6,622044665.5,666072101.8,708633194.7,768873684.0,847918929.1,999105339.3,1049110685.0,1128611700.0,1239144502.0,1353632942.0,2042817163.0,2214679081.0,2430274292.0,2603540257.0,2751445574.0,3012803457.0,3324615549.0,3384385217.0
40,Dominica,Latin America & Caribbean,Upper middle income,57,DMA,201429629.6,219762963.0,234059259.3,245525925.9,264374074.1,274522222.2,292285185.2,302988888.9,322411111.1,331759259.3,333470370.4,340203703.7,333196296.3,343311111.1,367200000.0,364255555.6,390251851.9,421374074.1,458188888.9,489074074.1,493825925.9,501025925.9,485996296.3,498296296.3,520207407.4,540737037.0,576229629.6,519837037.0,550622222.2,611537037.0,504214814.8
41,Denmark,Europe & Central Asia,High income,58,DNK,138247000000.0,139225000000.0,152916000000.0,143196000000.0,156162000000.0,185007000000.0,187632000000.0,173538000000.0,176992000000.0,177965000000.0,164159000000.0,164791000000.0,178635000000.0,218096000000.0,251373000000.0,264467000000.0,282885000000.0,319423000000.0,353361000000.0,321241000000.0,321995000000.0,344003000000.0,327149000000.0,343584000000.0,352994000000.0,302673000000.0,313116000000.0,332121000000.0,356841000000.0,347561000000.0,356085000000.0
42,Dominican Republic,Latin America & Caribbean,Upper middle income,59,DOM,7073675545.0,9824498183.0,11605382504.0,13081042400.0,14644711385.0,16637370839.0,18241691857.0,20017480055.0,21672231761.0,22136621337.0,24305717542.0,25601765401.0,27137508657.0,21403167848.0,22322395368.0,35777570136.0,37879869898.0,43965420072.0,48122547177.0,48261033298.0,53860175556.0,58029750746.0,60681537196.0,62682163837.0,67179914027.0,71164825257.0,75704720190.0,79997975622.0,85555378043.0,88941299734.0,78844702329.0
43,Algeria,Middle East & North Africa,Lower middle income,60,DZA,62048562947.0,45715614560.0,48003078389.0,49945599429.0,42543178042.0,41764315330.0,46941582519.0,48177612042.0,48187747529.0,48640653469.0,54790392746.0,54744712815.0,56760355865.0,67863828413.0,85332581189.0,103198000000.0,117027000000.0,134977000000.0,171001000000.0,137211000000.0,161207000000.0,200013000000.0,209059000000.0,209755000000.0,213810000000.0,165979000000.0,160034000000.0,170097000000.0,174911000000.0,171767000000.0,145009000000.0
44,Ecuador,Latin America & Caribbean,Upper middle income,66,ECU,15239278100.0,16988535268.0,18094238119.0,18938717359.0,22708673337.0,24432884442.0,25226393197.0,28162053027.0,27981896948.0,19645272636.0,18327764882.0,24468324000.0,28548945000.0,32432858000.0,36591661000.0,41507085000.0,46802044000.0,51007777000.0,61762635000.0,62519686000.0,69555367000.0,79276664000.0,87924544000.0,95129659000.0,101726000000.0,99290381000.0,99937696000.0,104296000000.0,107562000000.0,108108000000.0,98808010000.0
45,"Egypt, Arab Rep.",Middle East & North Africa,Lower middle income,67,EGY,42978914311.0,37387836491.0,41855986519.0,46578631453.0,51897983393.0,60159245060.0,67629716981.0,78436578171.0,84828807556.0,90710704807.0,99838543960.0,96684636119.0,85146067416.0,80288461538.0,78782467532.0,89600665557.0,107426000000.0,130438000000.0,162818000000.0,189147000000.0,218984000000.0,235990000000.0,279117000000.0,288434000000.0,305595000000.0,329367000000.0,332442000000.0,235734000000.0,249713000000.0,303081000000.0,365253000000.0
46,Spain,Europe & Central Asia,High income,70,ESP,536559000000.0,577166000000.0,630916000000.0,525076000000.0,530563000000.0,614609000000.0,642589000000.0,590077000000.0,619215000000.0,634693000000.0,596878000000.0,627287000000.0,705394000000.0,905492000000.0,1067090000000.0,1153290000000.0,1259340000000.0,1472130000000.0,1625220000000.0,1485580000000.0,1420720000000.0,1478770000000.0,1324820000000.0,1354760000000.0,1369400000000.0,1195120000000.0,1232080000000.0,1309300000000.0,1420300000000.0,1393050000000.0,1281480000000.0
47,Ethiopia,Sub-Saharan Africa,Low income,72,ETH,12175166763.0,13463868357.0,10492993078.0,8830712714.0,6927950565.0,7663984568.0,8547939731.0,8589211390.0,7818224906.0,7700833482.0,8242392104.0,8231326016.0,7850809498.0,8623691300.0,10131187261.0,12401139454.0,15280861835.0,19707616773.0,27066912635.0,32437389116.0,29933790334.0,31952763089.0,43310721414.0,47648211133.0,55612228234.0,64589334979.0,74296618481.0,81770791971.0,84269348327.0,95912590628.0,107645000000.0
48,Finland,Europe & Central Asia,High income,75,FIN,141438000000.0,127774000000.0,112533000000.0,89214114708.0,103300000000.0,134190000000.0,132129000000.0,126912000000.0,134039000000.0,135218000000.0,125707000000.0,129421000000.0,139738000000.0,171274000000.0,197117000000.0,204809000000.0,216908000000.0,256053000000.0,284554000000.0,252497000000.0,249181000000.0,275244000000.0,258305000000.0,271285000000.0,274497000000.0,234440000000.0,240608000000.0,255017000000.0,275580000000.0,268782000000.0,269751000000.0
49,Fiji,East Asia & Pacific,Upper middle income,76,FJI,1337024782.0,1383843860.0,1532401863.0,1636074718.0,1825763268.0,1970347721.0,2128696644.0,2090184941.0,1653160862.0,1936484565.0,1678239218.0,1652464201.0,1833279985.0,2300453634.0,2708078477.0,2980484920.0,3076305453.0,3378314600.0,3523185920.0,2870624636.0,3140508836.0,3774530616.0,3972012571.0,4190143206.0,4856963230.0,4682546863.0,4930204230.0,5353404422.0,5581371848.0,5496264766.0,4533883782.0
50,France,Europe & Central Asia,High income,77,FRA,1269180000000.0,1269280000000.0,1401470000000.0,1322820000000.0,1393980000000.0,1601090000000.0,1605680000000.0,1452880000000.0,1503110000000.0,1492650000000.0,1362250000000.0,1376470000000.0,1494290000000.0,1840480000000.0,2115740000000.0,2196130000000.0,2318590000000.0,2657210000000.0,2918380000000.0,2690220000000.0,2642610000000.0,2861410000000.0,2683830000000.0,2811080000000.0,2852170000000.0,2438210000000.0,2471290000000.0,2588740000000.0,2789590000000.0,2728870000000.0,2630320000000.0
51,"Micronesia, Fed. Sts.",East Asia & Pacific,Lower middle income,79,FSM,147200000.0,166200000.0,178100000.0,198400000.0,202500000.0,221575300.0,218534700.0,206626300.0,218873100.0,220140500.0,233271800.0,240970900.0,242517200.0,245432900.0,240236000.0,250281900.0,253541900.0,256787200.0,263145100.0,280284600.0,296944100.0,311301600.0,327248700.0,317214400.0,319271200.0,316489900.0,332265200.0,366666800.0,401932300.0,408057100.0,410083600.0
52,Gabon,Sub-Saharan Africa,Upper middle income,80,GAB,5952293766.0,5402919957.0,5592390849.0,4378645081.0,4190819314.0,4958845906.0,5694040337.0,5326816859.0,4483417120.0,4662992036.0,5080483464.0,5023265365.0,5335451308.0,6511903657.0,7770219480.0,9582783318.0,10327598801.0,12455410056.0,15571349776.0,12113699661.0,14372591916.0,18210308748.0,17170465294.0,17595745653.0,18203968002.0,14383107714.0,14023890620.0,14929488771.0,16867325127.0,16874405840.0,15316826192.0
53,United Kingdom,Europe & Central Asia,High income,81,GBR,1093170000000.0,1142800000000.0,1179660000000.0,1061390000000.0,1140490000000.0,1346420000000.0,1421510000000.0,1559570000000.0,1653390000000.0,1685760000000.0,1662130000000.0,1643910000000.0,1784080000000.0,2057090000000.0,2421810000000.0,2544830000000.0,2717060000000.0,3106180000000.0,2938880000000.0,2425800000000.0,2491110000000.0,2674890000000.0,2719160000000.0,2803290000000.0,3087170000000.0,2956570000000.0,2722850000000.0,2699020000000.0,2900790000000.0,2878670000000.0,2764200000000.0
54,Ghana,Sub-Saharan Africa,Lower middle income,83,GHA,5889174825.0,6596546196.0,6413901602.0,5966255778.0,5444560669.0,6465137615.0,6934984709.0,6891308594.0,7480968858.0,7719354839.0,4983024408.0,5314909954.0,6166330136.0,7632406553.0,8881368538.0,10744675210.0,20440893017.0,24827844950.0,28678701891.0,26048108185.0,32197272797.0,39337314810.0,41270954737.0,62823043706.0,54782847753.0,49406568433.0,56165172899.0,60406382899.0,67299280680.0,68337537816.0,68532281806.0
55,Guinea,Sub-Saharan Africa,Low income,85,GIN,2666750686.0,3015058139.0,3284620543.0,3279096606.0,3383092828.0,3693710533.0,3868968302.0,3783700462.0,3588375477.0,3461282543.0,2995361141.0,2829435957.0,2950198649.0,3446441698.0,3635458133.0,2937071767.0,4220019243.0,6281917656.0,6964179194.0,6716904569.0,6853467858.0,6785137173.0,7638045254.0,8376613843.0,8778473615.0,8794202444.0,8595955581.0,10324668267.0,11857030337.0,13513809258.0,15681050917.0
56,"Gambia, The",Sub-Saharan Africa,Low income,86,GMB,317083373.5,690314321.4,714255460.5,755042548.1,746491692.6,785996982.5,848237108.6,803630742.5,840285264.6,814723460.1,782915402.4,687408804.6,578236035.1,487038821.6,961900106.9,1027702254.0,1054113427.0,1279704745.0,1561763437.0,1450140386.0,1543292393.0,1409694554.0,1415006238.0,1375608956.0,1229460602.0,1378176868.0,1484579844.0,1504909753.0,1670670669.0,1812529105.0,1868086275.0
57,Guinea-Bissau,Sub-Saharan Africa,Low income,87,GNB,243961995.5,257150374.1,226313443.7,236880821.7,235620043.5,253966922.3,270419779.4,268550998.2,206457544.5,224446663.8,371095510.0,392621385.9,417806667.1,477458598.7,532062927.4,587029054.4,592365688.1,696910810.9,868154708.5,830126470.0,849878424.2,1099818652.0,989271229.6,1046087418.0,1054915645.0,1048229629.0,1179004941.0,1350177128.0,1504630121.0,1439638443.0,1431758243.0
58,Equatorial Guinea,Sub-Saharan Africa,Upper middle income,88,GNQ,112119406.5,110906032.1,134707184.4,136047896.2,100807001.8,141853368.3,232463036.4,442337849.5,370687618.7,621117885.7,1045998496.0,1461139022.0,1806742742.0,2484745935.0,4410764339.0,8217369093.0,10086528699.0,13071718759.0,19749893536.0,15027795173.0,16314443429.0,21357343682.0,22388344124.0,21948834290.0,21765453087.0,13185496881.0,11240808847.0,12200913888.0,13097012189.0,11417278045.0,10021856754.0
59,Greece,Europe & Central Asia,High income,89,GRC,97891092003.0,105143000000.0,116225000000.0,108809000000.0,116602000000.0,136878000000.0,145862000000.0,143158000000.0,144428000000.0,142541000000.0,130134000000.0,136191000000.0,153831000000.0,201924000000.0,240521000000.0,247783000000.0,273318000000.0,318498000000.0,354461000000.0,330000000000.0,296835000000.0,282626000000.0,242043000000.0,238840000000.0,235145000000.0,195605000000.0,193017000000.0,199351000000.0,211946000000.0,205144000000.0,188835000000.0
60,Grenada,Latin America & Caribbean,Upper middle income,90,GRD,278098763.0,300757888.9,310160444.4,309812185.2,325111814.8,342172518.5,366911444.4,392190592.6,445903592.6,482009370.4,520044370.4,520444185.2,540336925.9,591018407.4,599118592.6,695555555.6,698700666.7,758683592.6,825976037.0,771275555.6,771013259.3,778655925.9,799882259.3,842620111.1,911497407.4,997007925.9,1061640741.0,1125685185.0,1166523556.0,1212694407.0,1042100556.0
61,Guatemala,Latin America & Caribbean,Upper middle income,92,GTM,7650125217.0,9406097735.0,10440842165.0,11399942453.0,12983235568.0,14655404433.0,15674835615.0,17790026222.0,19395491993.0,18318412251.0,19288827159.0,18405203853.0,20444205991.0,21576351799.0,23577286227.0,26783543667.0,29744368111.0,33567868323.0,38503862831.0,37125943565.0,40676432029.0,46876114650.0,49593961142.0,52996540704.0,57852399964.0,62186186576.0,66053725049.0,71654134379.0,73208583759.0,77020015201.0,77604632171.0
62,Guyana,Latin America & Caribbean,Upper middle income,94,GUY,396582263.3,348533094.8,373573141.5,454101382.5,540874934.2,621626785.9,705406001.4,749138009.6,717530683.2,694754988.3,712667896.7,712167575.6,726131434.7,743064076.8,787814379.2,824880550.3,2379818383.0,2730971150.0,3025187924.0,3165663153.0,3432913073.0,3691384318.0,4063089192.0,4167800259.0,4127659492.0,4279840194.0,4482697337.0,4748174334.0,4787636237.0,5173760192.0,5471256595.0
63,"Hong Kong SAR, China",East Asia & Pacific,High income,96,HKG,76928290842.0,88959620136.0,104272000000.0,120354000000.0,135812000000.0,144653000000.0,159717000000.0,177353000000.0,168886000000.0,165768000000.0,171668000000.0,169403000000.0,166349000000.0,161385000000.0,169100000000.0,181570000000.0,193536000000.0,211597000000.0,219280000000.0,214046000000.0,228638000000.0,248514000000.0,262629000000.0,275697000000.0,291459000000.0,309384000000.0,320838000000.0,341244000000.0,361692000000.0,363016000000.0,346586000000.0
64,Honduras,Latin America & Caribbean,Lower middle income,97,HND,4923009552.0,4648668479.0,4943700431.0,4926728933.0,4642280682.0,5347445005.0,5215028986.0,5737099650.0,6366340266.0,6414520530.0,7103826902.0,7565854724.0,7775251510.0,8140278401.0,8772169959.0,9672023050.0,10841724917.0,12275500116.0,13789443623.0,14486159608.0,15729649159.0,17588098575.0,18400538859.0,18372173381.0,19618567250.0,20833948800.0,21566622850.0,22975415842.0,23900438564.0,24915522849.0,23662231634.0
65,Haiti,Latin America & Caribbean,Lower middle income,100,HTI,3096289800.0,3473540602.0,2257121668.0,1878248741.0,2167564195.0,2813313279.0,2907514523.0,3338938830.0,3723909227.0,4153736347.0,6813577558.0,6331961555.0,6058134467.0,4826827577.0,6036959915.0,7184064657.0,7518107787.0,9522763154.0,10485225353.0,11597014807.0,11859315079.0,13008754111.0,13708926466.0,14902474091.0,15139264670.0,14833154472.0,13987693739.0,15035560373.0,16455034353.0,14785839383.0,14508218017.0
66,Indonesia,East Asia & Pacific,Lower middle income,106,IDN,106141000000.0,116622000000.0,128027000000.0,158007000000.0,176892000000.0,202132000000.0,227370000000.0,215749000000.0,95445547873.0,140001000000.0,165021000000.0,160447000000.0,195661000000.0,234772000000.0,256837000000.0,285869000000.0,364571000000.0,432217000000.0,510229000000.0,539580000000.0,755094000000.0,892969000000.0,917870000000.0,912524000000.0,890815000000.0,860854000000.0,931877000000.0,1015620000000.0,1042270000000.0,1119090000000.0,1058420000000.0
67,India,South Asia,Lower middle income,109,IND,320979000000.0,270105000000.0,288208000000.0,279296000000.0,327276000000.0,360282000000.0,392897000000.0,415868000000.0,421351000000.0,458820000000.0,468395000000.0,485441000000.0,514938000000.0,607699000000.0,709149000000.0,820382000000.0,940260000000.0,1216740000000.0,1198900000000.0,1341890000000.0,1675620000000.0,1823050000000.0,1827640000000.0,1856720000000.0,2039130000000.0,2103590000000.0,2294800000000.0,2651470000000.0,2701110000000.0,2870500000000.0,2660250000000.0
68,Ireland,Europe & Central Asia,High income,111,IRL,49305632408.0,49787501584.0,55918538121.0,52417477614.0,57097656066.0,69139823232.0,75790786290.0,82856648758.0,90199410116.0,98860565736.0,99958806891.0,109252000000.0,127986000000.0,164308000000.0,194015000000.0,211798000000.0,231986000000.0,269736000000.0,274327000000.0,235509000000.0,221660000000.0,238663000000.0,225510000000.0,238212000000.0,258625000000.0,291463000000.0,298725000000.0,334602000000.0,384854000000.0,399122000000.0,425889000000.0
69,Iraq,Middle East & North Africa,Upper middle income,113,IRQ,180408000000.0,407796349.7,553671957.7,1031944881.0,3991349283.0,12894029888.0,10433698621.0,20764857056.0,20617405044.0,36881601584.0,48364250944.0,36176430129.0,32928454672.0,21921569479.0,36627901762.0,49954890353.0,65140147197.0,88837055195.0,131614000000.0,111658000000.0,138517000000.0,185750000000.0,218002000000.0,234638000000.0,228416000000.0,166774000000.0,166602000000.0,187218000000.0,227367000000.0,235097000000.0,166757000000.0
70,Iceland,Europe & Central Asia,High income,114,ISL,6468736287.0,6909730237.0,7080981669.0,6218581472.0,6389460286.0,7123633356.0,7426081278.0,7569666974.0,8503693099.0,8982047589.0,9025660362.0,8234846805.0,9318395055.0,11429333038.0,13825302536.0,16852963067.0,17465318552.0,21652505597.0,18074622987.0,13154414219.0,13751161918.0,15221622926.0,14751508134.0,16125060515.0,17867662178.0,17517210519.0,20793168031.0,24728285177.0,26267063758.0,24857740445.0,21718075725.0
71,Italy,Europe & Central Asia,High income,116,ITA,1181220000000.0,1246220000000.0,1320160000000.0,1064960000000.0,1099220000000.0,1174660000000.0,1312430000000.0,1241880000000.0,1270050000000.0,1252020000000.0,1143830000000.0,1167010000000.0,1270710000000.0,1574150000000.0,1803230000000.0,1857520000000.0,1947920000000.0,2210290000000.0,2398860000000.0,2191240000000.0,2134020000000.0,2291990000000.0,2087080000000.0,2141320000000.0,2159130000000.0,1835900000000.0,1875800000000.0,1956950000000.0,2090910000000.0,2009380000000.0,1888710000000.0
72,Jamaica,Latin America & Caribbean,Upper middle income,117,JAM,4592224067.0,4106199176.0,3535460090.0,5440064773.0,5452564385.0,6577523825.0,7393883555.0,8400033894.0,8787195622.0,8887061867.0,9005064475.0,9194717836.0,9719017926.0,9430230564.0,10174664854.0,11243868486.0,11930171468.0,12799593018.0,13709402085.0,12120460873.0,13220556883.0,14444655300.0,14807086889.0,14264202737.0,13899228824.0,14188935948.0,14077109397.0,14808989993.0,15730793853.0,15830768550.0,13812425037.0
73,Jordan,Middle East & North Africa,Upper middle income,118,JOR,4160003917.0,4344250257.0,5311329067.0,5605841536.0,6237739516.0,6727446632.0,6928359238.0,7246188575.0,7912327362.0,8149106065.0,8460424401.0,8975689845.0,9582453032.0,10195660790.0,11411390409.0,12588665303.0,15056929760.0,17110587447.0,22657662393.0,24537876056.0,27133804225.0,29524149155.0,31634561690.0,34454440141.0,36847643521.0,38587017887.0,39892551127.0,41408960845.0,42932112676.0,44502895915.0,43697659296.0
74,Japan,East Asia & Pacific,High income,119,JPN,3132820000000.0,3584420000000.0,3908810000000.0,4454140000000.0,4998800000000.0,5545560000000.0,4923390000000.0,4492450000000.0,4098360000000.0,4635980000000.0,4968360000000.0,4374710000000.0,4182850000000.0,4519560000000.0,4893120000000.0,4831470000000.0,4601660000000.0,4579750000000.0,5106680000000.0,5289490000000.0,5759070000000.0,6233150000000.0,6272360000000.0,5212330000000.0,4896990000000.0,4444930000000.0,5003680000000.0,4930840000000.0,5036890000000.0,5148780000000.0,5057760000000.0
75,Kazakhstan,Europe & Central Asia,Upper middle income,120,KAZ,26932729103.0,24923076923.0,24917355372.0,23409260880.0,21250792886.0,20374302652.0,21035368251.0,22165932063.0,22135254836.0,16870821840.0,18291994909.0,22152694162.0,24636593223.0,30833699703.0,43151647003.0,57123671734.0,81003884545.0,104850000000.0,133442000000.0,115309000000.0,148047000000.0,192627000000.0,207999000000.0,236635000000.0,221416000000.0,184388000000.0,137278000000.0,166806000000.0,179340000000.0,181667000000.0,171082000000.0
76,Kenya,Sub-Saharan Africa,Lower middle income,121,KEN,8572359163.0,8151479004.0,8209129172.0,5751789915.0,7148145376.0,9046326060.0,12045858436.0,13115773738.0,14093998844.0,12896013577.0,12705357103.0,12986007426.0,13147743911.0,14904517650.0,16095337094.0,18737897745.0,25825524821.0,31958195182.0,35895153328.0,42347217913.0,45405587557.0,46869457318.0,56396706006.0,61671425370.0,68285768554.0,70120413329.0,74815121315.0,82035800868.0,92202956321.0,100555000000.0,101014000000.0
77,Kyrgyz Republic,Europe & Central Asia,Lower middle income,122,KGZ,2675000000.0,2569444444.0,2316562500.0,2028295455.0,1681006993.0,1661018519.0,1827570586.0,1767864036.0,1645963750.0,1249061487.0,1369688498.0,1525116370.0,1605643105.0,1919008090.0,2211534585.0,2460248026.0,2834168889.0,3802566171.0,5139957785.0,4690062255.0,4794357795.0,6197766119.0,6605139933.0,7335027592.0,7468096567.0,6678178340.0,6813092066.0,7702934800.0,8271108638.0,8871026074.0,7735976273.0
78,Kiribati,East Asia & Pacific,Lower middle income,124,KIR,39809538.68,47515189.28,47737955.35,46919624.64,54832577.86,56338028.17,66515376.79,67537479.59,65334841.06,69032258.06,67254174.4,63101272.37,72196457.68,90231856.8,102367039.3,112133944.3,110234939.8,132671743.0,141042610.3,132419902.0,156120439.3,181705153.6,190243432.8,185114059.6,179703165.4,171117816.7,178328984.1,187276124.8,200157020.6,188391770.6,197508774.3
79,St. Kitts and Nevis,Latin America & Caribbean,High income,125,KNA,217259259.3,220540740.7,242137037.0,263755555.6,295159259.3,313485185.2,333944444.4,374641308.0,383257331.4,406595484.4,421695769.8,458643829.0,481077373.7,469869869.9,506900000.0,547203703.7,644411111.1,689285185.2,751233333.3,747862963.0,760170370.4,817759259.3,800414814.8,839770370.4,916566666.7,923155555.6,1008888889.0,1060740741.0,1078518519.0,1164814815.0,980740740.7
80,"Korea, Rep.",East Asia & Pacific,High income,126,KOR,283368000000.0,330649000000.0,355525000000.0,392666000000.0,463617000000.0,566583000000.0,610170000000.0,569755000000.0,383331000000.0,497513000000.0,576178000000.0,547658000000.0,627246000000.0,702717000000.0,793175000000.0,934901000000.0,1053220000000.0,1172610000000.0,1047340000000.0,943942000000.0,1144070000000.0,1253220000000.0,1278430000000.0,1370800000000.0,1484320000000.0,1465770000000.0,1500110000000.0,1623900000000.0,1724850000000.0,1651420000000.0,1637900000000.0
81,Kuwait,Middle East & North Africa,High income,127,KWT,18427777778.0,11008793176.0,19858555215.0,23941391391.0,24848483838.0,27191353887.0,31493319973.0,30355093966.0,25939960630.0,30123850197.0,37712842243.0,34887512227.0,38137545245.0,47876510067.0,59439090601.0,80798630137.0,101549000000.0,114640000000.0,147395000000.0,105963000000.0,115419000000.0,154068000000.0,174070000000.0,174161000000.0,162631000000.0,114567000000.0,109420000000.0,120707000000.0,138182000000.0,136197000000.0,105960000000.0
82,Lao PDR,East Asia & Pacific,Lower middle income,129,LAO,865559856.2,1028087972.0,1127806945.0,1327748655.0,1543606345.0,1763536305.0,1873671550.0,1747011857.0,1280177839.0,1454430642.0,1731198022.0,1768619058.0,1758176653.0,2023324407.0,2366398120.0,2735558726.0,3455031448.0,4223152219.0,5446434032.0,5836138127.0,7131773633.0,8750107402.0,10192848926.0,11983252611.0,13279248479.0,14426381187.0,15912495369.0,17071162084.0,18141651381.0,18897252233.0,19132635712.0
83,Lebanon,Middle East & North Africa,Upper middle income,130,LBN,2838485354.0,4690415093.0,5843579161.0,7941744492.0,9599127050.0,11718795528.0,13690217333.0,15751867489.0,17247179006.0,17391056369.0,17260364842.0,17649751244.0,19152238806.0,20082918740.0,21159827992.0,21497336499.0,22022709852.0,24827355015.0,29118916106.0,35399582929.0,38443907042.0,39927125961.0,44035991893.0,46909335551.0,48133414840.0,50065946086.0,51389318291.0,53324800959.0,55276157552.0,51953744507.0,31735217785.0
84,Libya,Middle East & North Africa,Upper middle income,132,LBY,28901836158.0,31995012469.0,33881392045.0,30657030223.0,28607921929.0,25544128199.0,27884615385.0,30698633109.0,27249786142.0,35976714101.0,38270206950.0,34110064452.0,20481889764.0,26265625000.0,33122307692.0,47334148578.0,54961936663.0,67516236338.0,87140405361.0,63028320702.0,74773444901.0,34699395524.0,81873662519.0,65502870174.0,41142722414.0,27842131480.0,26197143268.0,37883243650.0,52607888718.0,52091152228.0,25418916029.0
85,St. Lucia,Latin America & Caribbean,Upper middle income,133,LCA,579629629.6,613703703.7,674074074.1,684814814.8,713703703.7,762962963.0,788888888.9,805925925.9,877407407.4,921851851.9,932592592.6,892592592.6,900000000.0,987407407.4,1066666667.0,1135555556.0,1268319185.0,1336088815.0,1437731111.0,1401507889.0,1486758037.0,1576988407.0,1605146778.0,1664816741.0,1755130815.0,1808079889.0,1865513444.0,1996771444.0,2065127259.0,2118791556.0,1616772741.0
86,Sri Lanka,South Asia,Lower middle income,138,LKA,8032551173.0,9000362582.0,9703011636.0,10338679636.0,11717604209.0,13029697561.0,13897738375.0,15091913884.0,15794972847.0,15656327860.0,16330814180.0,15749753805.0,16536535647.0,18881765437.0,20662525941.0,24405791045.0,28279814925.0,32350248411.0,40713812310.0,42066217872.0,56725749222.0,65292753005.0,68434409315.0,74317806538.0,79356449841.0,80604080689.0,82401038710.0,87428128124.0,87963042341.0,83990946939.0,80676681934.0
87,Lesotho,Sub-Saharan Africa,Lower middle income,141,LSO,596415104.5,704329192.8,831033941.1,835592802.3,878250450.6,1001889857.0,946123275.9,997996028.6,928458206.0,912771290.6,887295267.9,825706961.2,775780697.7,1157832935.0,1511236656.0,1682350935.0,1800105590.0,1682016947.0,1766825413.0,1740830511.0,2234731974.0,2579421686.0,2477702253.0,2367113170.0,2441053176.0,2359759799.0,2114323794.0,2306843529.0,2514146888.0,2366213069.0,1875227642.0
88,Luxembourg,Europe & Central Asia,High income,144,LUX,12778792854.0,13834219728.0,15518702635.0,15925521222.0,17701798891.0,20853093870.0,20895314658.0,19563836265.0,20150053345.0,21891923077.0,21177470978.0,21369028188.0,23537637869.0,29601904063.0,35000480507.0,37658234050.0,42874225317.0,51521903915.0,58604890874.0,54252213115.0,56159192758.0,61615545000.0,59779802783.0,65184744717.0,68713294386.0,60047430684.0,62174650367.0,65549868207.0,71250208996.0,70195715496.0,73353132794.0
89,"Macao SAR, China",East Asia & Pacific,High income,146,MAC,3246477995.0,3765226191.0,4914391079.0,5665570561.0,6311194302.0,7046110595.0,7176892950.0,7267563603.0,6797764075.0,6547629475.0,6774193548.0,6860272608.0,7371723056.0,8246521717.0,10643215078.0,12160002996.0,14874147024.0,18439876056.0,21027044551.0,21587740942.0,28241858489.0,36845925519.0,43189526778.0,51536304808.0,54903031138.0,45047964934.0,45070605746.0,50440941939.0,55284360483.0,55204758070.0,25586111076.0
90,Morocco,Middle East & North Africa,Lower middle income,148,MAR,30180108562.0,32285388165.0,33711069431.0,31655473664.0,35604137423.0,39030285468.0,43161452678.0,39147844526.0,41806219379.0,41632027600.0,38857251336.0,39459581217.0,42236836821.0,52064058834.0,59626020162.0,62343022651.0,68640825481.0,79041294874.0,92507257784.0,92897320376.0,93216746662.0,101370000000.0,98266306615.0,106826000000.0,110081000000.0,101180000000.0,103312000000.0,109683000000.0,118096000000.0,119870000000.0,114725000000.0
91,Madagascar,Sub-Saharan Africa,Low income,151,MDG,3931334871.0,3254713056.0,3714967007.0,4063298919.0,3522226903.0,3838101052.0,4931861239.0,4262965282.0,4401967499.0,4277903780.0,4629247091.0,5438332738.0,5351701534.0,6372498720.0,5064732716.0,5859269849.0,6395712392.0,8524620739.0,10725137931.0,9616879571.0,9982711338.0,11551819618.0,11578974888.0,12423555269.0,12522957228.0,11323020829.0,11848613735.0,13176313594.0,13760033097.0,14104664515.0,13056079982.0
92,Maldives,South Asia,Upper middle income,152,MDV,215043969.8,244396761.9,284874919.6,322417837.2,356013395.7,398988955.0,450382328.0,508223602.4,540096397.6,589239753.6,624337145.3,870030468.6,897031250.0,1052121055.0,1226829563.0,1163362438.0,1575200391.0,1868383461.0,2271646188.0,2345294875.0,2588176055.0,2774351760.0,2886170572.0,3295011382.0,3697351597.0,4109424800.0,4379136462.0,4754175869.0,5300962660.0,5607762625.0,3742769967.0
93,Mexico,Latin America & Caribbean,Upper middle income,154,MEX,261254000000.0,313143000000.0,363158000000.0,500736000000.0,527813000000.0,360074000000.0,410976000000.0,500413000000.0,526502000000.0,600233000000.0,707907000000.0,756706000000.0,772106000000.0,729336000000.0,782241000000.0,877476000000.0,975387000000.0,1052700000000.0,1109990000000.0,900045000000.0,1057800000000.0,1180490000000.0,1201090000000.0,1274440000000.0,1315350000000.0,1171870000000.0,1078490000000.0,1158910000000.0,1222410000000.0,1269430000000.0,1073920000000.0
94,Marshall Islands,East Asia & Pacific,Upper middle income,155,MHL,78476000.0,82507000.0,91063000.0,99461000.0,108071000.0,120230000.0,110858000.0,110705600.0,112279400.0,114326300.0,115347500.0,122824000.0,131738200.0,131398500.0,132440200.0,136559500.0,141515800.0,148346700.0,151898900.0,149769600.0,160407100.0,172188500.0,180436300.0,184840400.0,182142800.0,183814300.0,201510900.0,213204100.0,221588900.0,239462200.0,244462400.0
95,North Macedonia,Europe & Central Asia,Upper middle income,157,MKD,4699646643.0,4938775510.0,2436849342.0,2682456897.0,3559607241.0,4707036096.0,4642018354.0,3912986091.0,3765747305.0,3863621186.0,3772857145.0,3709637830.0,4018365247.0,4946292775.0,5682788267.0,6258600714.0,6861222332.0,8336478142.0,9909548411.0,9401731496.0,9407168702.0,10494632699.0,9745251126.0,10817712139.0,11362272838.0,10064515432.0,10672471861.0,11307058382.0,12683070061.0,12606338449.0,12263710123.0
96,Mali,Sub-Saharan Africa,Low income,158,MLI,2681959313.0,2724101611.0,2830692639.0,2818306754.0,2081864106.0,2706416623.0,2780435257.0,2697102922.0,2920367497.0,3440743432.0,2961476518.0,3468327017.0,3908139487.0,4714051055.0,5454228771.0,6247496491.0,6905876385.0,8156532186.0,9838404005.0,10232036863.0,10689167195.0,12995113407.0,12442036265.0,13242691430.0,14364937997.0,13104764334.0,14026048691.0,15365714371.0,17070866299.0,17280251194.0,17465392916.0
97,Malta,Middle East & North Africa,High income,159,MLT,2547163582.0,2750041434.0,3021910217.0,2709178327.0,2998570147.0,3720400535.0,3822882801.0,3793418418.0,4010571223.0,4121350732.0,4069515579.0,4088368978.0,4470446391.0,5448415500.0,6098092551.0,6416184181.0,6778324050.0,7925371475.0,9090406767.0,8696366907.0,9035932122.0,9638916481.0,9462238211.0,10551661177.0,11626281387.0,11091434484.0,11721521913.0,13221298308.0,14864712990.0,15215714309.0,14647384608.0
98,Myanmar,East Asia & Pacific,Lower middle income,160,MMR,21227553397.0,27189628556.0,35595770696.0,49621391105.0,68807734001.0,94641791002.0,119006000000.0,155212000000.0,214066000000.0,303065000000.0,370266000000.0,453486000000.0,682950000000.0,1064510000000.0,1430460000000.0,1859640000000.0,2470130000000.0,3529710000000.0,4884300000000.0,5584240000000.0,6572500000000.0,7899430000000.0,113591000000.0,60572254371.0,63264891867.0,63045306514.0,60291738935.0,61449391917.0,67144726168.0,68697761477.0,79852046611.0
99,Mongolia,East Asia & Pacific,Lower middle income,163,MNG,2560785660.0,2379018326.0,1317611864.0,768401634.2,925817092.2,1452165005.0,1345719472.0,1180934203.0,1124440249.0,1057408589.0,1136896124.0,1267997934.0,1396555720.0,1595297356.0,1992066808.0,2523471532.0,3414055566.0,4234999823.0,5623216449.0,4583850368.0,7189481824.0,10409797649.0,12292770631.0,12582122604.0,12226514722.0,11619892396.0,11181350461.0,11480847745.0,13178094459.0,14206359007.0,13312981595.0
100,Mauritania,Sub-Saharan Africa,Lower middle income,166,MRT,1506914408.0,2133688270.0,2164292208.0,1847350612.0,1944876755.0,2091731421.0,2132081882.0,2072001067.0,2032345832.0,1985924387.0,1779523344.0,1746064719.0,1777058593.0,2051147607.0,2362501023.0,2936019526.0,3919577286.0,4346206809.0,5206444407.0,4714592493.0,5628882266.0,6764635687.0,6728208836.0,7223063170.0,6592537782.0,6166857629.0,6398744505.0,6799075419.0,7354430040.0,7889662452.0,7913680231.0
101,Mauritius,Sub-Saharan Africa,Upper middle income,167,MUS,2653480001.0,2856890681.0,3224267548.0,3263368410.0,3558137040.0,4040345933.0,4421943910.0,4187367602.0,4169664285.0,4343710333.0,4663313620.0,4613630623.0,4841310240.0,5816553827.0,6578844486.0,6488750453.0,7028803366.0,8150138757.0,9990370016.0,9128843109.0,10003670690.0,11518393367.0,11668685524.0,12129642296.0,12803445934.0,11692287066.0,12232463656.0,13259351418.0,14181951059.0,14045808843.0,10920606198.0
102,Malawi,Sub-Saharan Africa,Low income,168,MWI,1880771556.0,2203545857.0,1799517082.0,2070636936.0,1181802596.0,1397457932.0,2281034131.0,2663234934.0,1750584265.0,1775921718.0,1743506531.0,1716502862.0,3495748398.0,3208837077.0,3476094499.0,3655909664.0,3998020177.0,4432937046.0,5321012192.0,6191127665.0,6959655571.0,8004000737.0,6028487929.0,5518880769.0,6047813437.0,6373212641.0,5433040160.0,8943543677.0,9880675786.0,11025357838.0,12182348213.0
103,Malaysia,East Asia & Pacific,Upper middle income,169,MYS,44024178343.0,49143148094.0,59167550163.0,66894837030.0,74478356958.0,88705342903.0,100855000000.0,100005000000.0,72167498981.0,79148421053.0,93789736842.0,92783947368.0,100846000000.0,110202000000.0,124749000000.0,143534000000.0,162691000000.0,193548000000.0,230814000000.0,202258000000.0,255017000000.0,297952000000.0,314443000000.0,323277000000.0,338062000000.0,301355000000.0,301255000000.0,319112000000.0,358792000000.0,365276000000.0,337006000000.0
104,Namibia,Sub-Saharan Africa,Upper middle income,171,NAM,2789944498.0,2996885561.0,3429538534.0,3251230621.0,3666501464.0,3978497753.0,3989208662.0,4154955686.0,3873098656.0,3868541599.0,3922247990.0,3557333364.0,3349184760.0,4926471294.0,6609198833.0,7248394160.0,8001779551.0,8839526452.0,8607475308.0,8938868165.0,11431334447.0,12523402329.0,13042007432.0,12043276397.0,12435416060.0,11335179562.0,10721994677.0,12895153160.0,13682062249.0,12496781720.0,10619194505.0
105,Niger,Sub-Saharan Africa,Low income,173,NER,3512356353.0,3285796980.0,3386232592.0,3052673623.0,1938058161.0,2302537682.0,2405687081.0,2290318800.0,2643363407.0,2537790023.0,2241753120.0,2448714681.0,2782192987.0,3394084885.0,3760443966.0,4383315657.0,4756361480.0,5731485267.0,7297600897.0,7352131669.0,7851191899.0,8772951262.0,9426913349.0,10224897935.0,10862944204.0,9683867894.0,10398862245.0,11185102400.0,12808660528.0,12916455161.0,13741378450.0
106,Nigeria,Sub-Saharan Africa,Lower middle income,174,NGA,54035795388.0,49118433048.0,47794925815.0,27752204320.0,33833042988.0,44062465800.0,51075815093.0,54457835193.0,54604050168.0,59372613486.0,69448756933.0,74030364472.0,95385819321.0,104912000000.0,136386000000.0,176134000000.0,236104000000.0,275626000000.0,339476000000.0,295009000000.0,361457000000.0,404994000000.0,455502000000.0,508693000000.0,546676000000.0,486803000000.0,404650000000.0,375746000000.0,397190000000.0,448120000000.0,432294000000.0
107,Nicaragua,Latin America & Caribbean,Lower middle income,175,NIC,1009455484.0,1488804124.0,1792800000.0,1756454248.0,3863185119.0,4140470000.0,4308351903.0,4389965591.0,4635267225.0,4855717875.0,5107329007.0,5323146566.0,5224213018.0,5322454926.0,5795568205.0,6321335612.0,6763418646.0,7423421958.0,8496946608.0,8298679909.0,8758592272.0,9774262742.0,10532006608.0,10982979274.0,11880434071.0,12756706583.0,13286083645.0,13785876629.0,13025239912.0,12611218627.0,12621505383.0
108,Netherlands,Europe & Central Asia,High income,176,NLD,318331000000.0,327500000000.0,362963000000.0,353550000000.0,379130000000.0,452302000000.0,450490000000.0,416813000000.0,438008000000.0,446899000000.0,416443000000.0,431213000000.0,471614000000.0,578792000000.0,657172000000.0,685093000000.0,733341000000.0,847482000000.0,947998000000.0,868077000000.0,846555000000.0,904086000000.0,838971000000.0,876924000000.0,890981000000.0,765265000000.0,783528000000.0,831810000000.0,913597000000.0,910194000000.0,913865000000.0
109,Norway,Europe & Central Asia,High income,177,NOR,119792000000.0,121872000000.0,130838000000.0,120579000000.0,127131000000.0,152030000000.0,163520000000.0,161357000000.0,154163000000.0,162284000000.0,171247000000.0,173972000000.0,195524000000.0,228859000000.0,264512000000.0,308884000000.0,345581000000.0,400937000000.0,462250000000.0,386190000000.0,428757000000.0,498283000000.0,509506000000.0,522762000000.0,498410000000.0,385802000000.0,368827000000.0,398394000000.0,437000000000.0,405510000000.0,362522000000.0
110,Nepal,South Asia,Lower middle income,178,NPL,3627562403.0,3921476085.0,3401211581.0,3660041667.0,4066775510.0,4401104418.0,4521580381.0,4918691917.0,4856255044.0,5033642384.0,5494252208.0,6007055042.0,6050875807.0,6330473097.0,7273938315.0,8130258041.0,9043715356.0,10325618017.0,12545438605.0,12854985464.0,16002656434.0,21621710003.0,21703106502.0,22162208956.0,22731602970.0,24360795410.0,24524098184.0,28971589213.0,33111525183.0,34186180695.0,33657175561.0
111,New Zealand,East Asia & Pacific,High income,180,NZL,45495129385.0,42745329732.0,41649829860.0,46775620817.0,55314732279.0,63918703507.0,70140835299.0,66075143415.0,56227169851.0,58762260626.0,52623281957.0,53872425917.0,66627729311.0,88250885550.0,103905000000.0,114720000000.0,111539000000.0,137189000000.0,133131000000.0,121374000000.0,146518000000.0,168291000000.0,176207000000.0,190907000000.0,201313000000.0,178064000000.0,188943000000.0,206951000000.0,212226000000.0,212891000000.0,210701000000.0
112,Oman,Middle East & North Africa,High income,182,OMN,11685045514.0,11341482445.0,12452275683.0,12493107932.0,12918855657.0,13802600780.0,15277763329.0,15837451235.0,13996914596.0,15593456122.0,19507452508.0,19452000476.0,20142756175.0,21633708220.0,24763713001.0,31081991725.0,37215779656.0,42085379489.0,60905452458.0,48388363516.0,56913065779.0,67871907375.0,76511069704.0,78555622509.0,80686929102.0,68420257567.0,65441278668.0,70585606844.0,79788768969.0,76331518669.0,64648393044.0
113,Pakistan,South Asia,Lower middle income,184,PAK,40010423970.0,45625234698.0,48884606848.0,51809949334.0,52293456906.0,60636022423.0,63320122807.0,62433300338.0,62191955814.0,62973855719.0,82017743416.0,79484403985.0,79904985385.0,91760542940.0,107760000000.0,120055000000.0,137264000000.0,152386000000.0,170078000000.0,168153000000.0,177166000000.0,213587000000.0,224384000000.0,231219000000.0,244361000000.0,270556000000.0,278655000000.0,304567000000.0,314568000000.0,279057000000.0,262610000000.0
114,Panama,Latin America & Caribbean,Upper middle income,185,PAN,6433967000.0,7074675500.0,8042337700.0,8782585400.0,9365289800.0,9573813700.0,9870494000.0,10677286100.0,11575486400.0,12130252200.0,12304115000.0,12502013400.0,12994310400.0,13693981200.0,15013381700.0,16374393900.0,18141666300.0,21295984230.0,25155888616.0,27116635565.0,29440287581.0,34686224301.0,40429734384.0,45599994005.0,49921464365.0,54091713776.0,57907695409.0,62202725204.0,64929409212.0,66984427150.0,53977036995.0
115,Peru,Latin America & Caribbean,Upper middle income,186,PER,26410386669.0,34341465998.0,35966302303.0,34832077221.0,44882079767.0,53312793687.0,55252414130.0,58147522523.0,55501467877.0,50187324568.0,51744749133.0,52030158775.0,54777553515.0,58731030122.0,66768703498.0,76060606061.0,88643193062.0,102171000000.0,120551000000.0,120823000000.0,147529000000.0,171762000000.0,192649000000.0,201175000000.0,200789000000.0,189805000000.0,191896000000.0,211007000000.0,222575000000.0,228471000000.0,202014000000.0
116,Philippines,East Asia & Pacific,Lower middle income,187,PHL,50508286643.0,51784207132.0,60422309297.0,62036625223.0,73159245524.0,84644220102.0,94648084429.0,94106183450.0,74492325247.0,85640133800.0,83669693589.0,78921234457.0,84307291974.0,87039145965.0,95002028505.0,107420000000.0,127653000000.0,155980000000.0,181625000000.0,175975000000.0,208369000000.0,234217000000.0,261921000000.0,283903000000.0,297483000000.0,306446000000.0,318627000000.0,328481000000.0,346842000000.0,376823000000.0,361489000000.0
117,Papua New Guinea,East Asia & Pacific,Lower middle income,189,PNG,3219730365.0,3787394958.0,4377980510.0,4974550286.0,5502786070.0,4636057476.0,5155311077.0,4936615299.0,3789443015.0,3477038204.0,3521339699.0,3081024212.0,2999511040.0,3536411824.0,3927157867.0,4865892972.0,8355006707.0,9545177014.0,11670840932.0,11619637799.0,14250755231.0,17984910502.0,21295659244.0,21261432791.0,23210682538.0,21723531173.0,20759069103.0,22742613554.0,24109509853.0,24751344552.0,24668899683.0
118,Poland,Europe & Central Asia,High income,190,POL,65977749037.0,85500935935.0,94337050693.0,96045645026.0,110803000000.0,142293000000.0,160193000000.0,159358000000.0,174686000000.0,170031000000.0,172219000000.0,190905000000.0,199072000000.0,217827000000.0,255110000000.0,306144000000.0,344622000000.0,429029000000.0,533609000000.0,439738000000.0,479834000000.0,528301000000.0,498524000000.0,521016000000.0,542477000000.0,477812000000.0,472630000000.0,526509000000.0,587412000000.0,597281000000.0,596624000000.0
119,Puerto Rico,Latin America & Caribbean,High income,192,PRI,30603919000.0,32287031000.0,34630430000.0,36922456000.0,39690630000.0,42647331000.0,45340835000.0,48187039000.0,54086400000.0,57841000000.0,61701800000.0,69208400000.0,71623500000.0,74827400000.0,80322313000.0,83914521300.0,87276164400.0,89524131600.0,93639300000.0,96385600000.0,98381300000.0,100352000000.0,101565000000.0,102450000000.0,102446000000.0,103376000000.0,104337000000.0,103446000000.0,100925000000.0,104915000000.0,103138000000.0
120,Portugal,Europe & Central Asia,High income,194,PRT,78713860217.0,89233599278.0,107592000000.0,95009751901.0,99688641304.0,118122000000.0,122630000000.0,117017000000.0,123946000000.0,127427000000.0,118311000000.0,121499000000.0,134156000000.0,164862000000.0,189035000000.0,197180000000.0,208582000000.0,240191000000.0,262345000000.0,243702000000.0,237881000000.0,244797000000.0,216237000000.0,226370000000.0,229596000000.0,199314000000.0,206286000000.0,220811000000.0,242195000000.0,239987000000.0,228539000000.0
121,Paraguay,Latin America & Caribbean,Upper middle income,195,PRY,5812114523.0,6984367763.0,7157424031.0,7249533620.0,7870982005.0,9062131475.0,9788391781.0,9965225678.0,9260481572.0,8837070236.0,8855705140.0,8495806432.0,7196260657.0,7691367471.0,9624440836.0,10737500188.0,13429430050.0,17856270473.0,24616537618.0,22355601273.0,27237782850.0,33756238767.0,33296438306.0,38651334288.0,40377987209.0,36211372703.0,36089550659.0,38997129474.0,40225448341.0,37906944075.0,35670301496.0
122,Qatar,Middle East & North Africa,High income,200,QAT,7360439423.0,6883516484.0,7646153984.0,7156593654.0,7374450769.0,8137911978.0,9059340385.0,11297802115.0,10255495027.0,12393131868.0,17759890110.0,17538461538.0,19363736264.0,23533791209.0,31734065934.0,44530494505.0,60882142857.0,79712087912.0,115270000000.0,97798351648.0,125122000000.0,167775000000.0,186834000000.0,198728000000.0,206225000000.0,161740000000.0,151732000000.0,161099000000.0,183335000000.0,176371000000.0,144411000000.0
123,Romania,Europe & Central Asia,Upper middle income,201,ROU,38995454545.0,28998684211.0,25121666667.0,26362894737.0,30074440483.0,37435317265.0,36937074278.0,35574916295.0,41694118973.0,35952781582.0,37253259017.0,40394824679.0,46066101951.0,57806506024.0,74972669057.0,98452791983.0,122023000000.0,174585000000.0,214314000000.0,174104000000.0,166309000000.0,183327000000.0,170636000000.0,190801000000.0,199959000000.0,177729000000.0,188129000000.0,211695000000.0,241457000000.0,249882000000.0,248716000000.0
124,Russian Federation,Europe & Central Asia,Upper middle income,202,RUS,516814000000.0,517963000000.0,460291000000.0,435084000000.0,395077000000.0,395537000000.0,391725000000.0,404929000000.0,270955000000.0,195907000000.0,259710000000.0,306602000000.0,345470000000.0,430348000000.0,591017000000.0,764017000000.0,989931000000.0,1299710000000.0,1660850000000.0,1222640000000.0,1524920000000.0,2045930000000.0,2208300000000.0,2292470000000.0,2059240000000.0,1363480000000.0,1276790000000.0,1574200000000.0,1657330000000.0,1687450000000.0,1483500000000.0
125,Rwanda,Sub-Saharan Africa,Low income,203,RWA,2550185618.0,1911600970.0,2029026704.0,1971525999.0,753636370.5,1293535011.0,1382334879.0,1851558302.0,1989343495.0,2155659413.0,2067528500.0,1965444515.0,1964779921.0,2137093489.0,2375281627.0,2932213575.0,3317951468.0,4068065929.0,5177015141.0,5671332138.0,6121234529.0,6881038270.0,7650300320.0,7815599503.0,8241332517.0,8539048448.0,8690485823.0,9253098954.0,9640280084.0,10355974217.0,10333991456.0
126,Saudi Arabia,Middle East & North Africa,High income,205,SAU,117630000000.0,132223000000.0,137088000000.0,132968000000.0,135175000000.0,143343000000.0,158662000000.0,165964000000.0,146775000000.0,161717000000.0,189515000000.0,184137000000.0,189606000000.0,215808000000.0,258742000000.0,328460000000.0,376900000000.0,415965000000.0,519797000000.0,429098000000.0,528207000000.0,671239000000.0,735975000000.0,746647000000.0,756350000000.0,654270000000.0,644936000000.0,688586000000.0,786522000000.0,792967000000.0,700118000000.0
127,Sudan,Sub-Saharan Africa,Low income,206,SDN,12408647541.0,11379222222.0,7034219713.0,8881785938.0,12794192334.0,13829744879.0,9018243044.0,11681494637.0,11250327988.0,10682045258.0,12257418326.0,15716489370.0,18136839087.0,21355576673.0,26645490675.0,35182105414.0,45264519503.0,59440139775.0,64831935604.0,51621044077.0,58962978034.0,55018567211.0,37632919967.0,43024018082.0,49516748618.0,51726758677.0,42630376000.0,41283617976.0,30964349685.0,26155799325.0,21329109522.0
128,Senegal,Sub-Saharan Africa,Lower middle income,207,SEN,7390967035.0,7255210701.0,7769817869.0,7367985695.0,5034588159.0,6326342963.0,6559712551.0,6041478436.0,6505607633.0,6592835458.0,6013184809.0,6507824767.0,7006402592.0,8768721956.0,10076817278.0,11009032665.0,11697918803.0,13994218939.0,16853991177.0,16145868285.0,16121314671.0,17814284622.0,17660871726.0,18918668644.0,19797254643.0,17774766636.0,19040312815.0,20996564752.0,23116699808.0,23306213742.0,24644234595.0
129,Singapore,East Asia & Pacific,High income,208,SGP,36144336769.0,45466164978.0,52130263966.0,60603478153.0,73690847191.0,87810991957.0,96295886525.0,100124000000.0,85728310229.0,86284660767.0,96074477958.0,89794943350.0,92537752709.0,97645448284.0,115035000000.0,127808000000.0,148630000000.0,180942000000.0,193612000000.0,194152000000.0,239809000000.0,279351000000.0,295087000000.0,307576000000.0,314851000000.0,308004000000.0,318764000000.0,343338000000.0,375982000000.0,374386000000.0,339998000000.0
130,Solomon Islands,East Asia & Pacific,Lower middle income,209,SLB,214727767.6,227641078.5,269116491.9,300843868.6,402868080.5,469479432.7,510598923.3,526514030.5,457679209.2,488001488.2,419933580.9,409435392.2,346431958.3,352522682.2,397611126.7,476898763.6,538668769.3,620230005.2,699157191.0,735940409.7,846797693.6,1049952233.0,1190994127.0,1284698922.0,1335538893.0,1307061544.0,1378551118.0,1483758907.0,1574599183.0,1570093229.0,1545888426.0
131,Sierra Leone,Sub-Saharan Africa,Low income,210,SLE,649644826.8,779981458.9,679997997.6,768812334.8,911915970.7,870758739.4,941742152.7,850218033.6,672375927.3,669384768.9,635874002.2,1090467712.0,1253340520.0,1385810072.0,1448536631.0,1650494367.0,1885112202.0,2158496873.0,2505458705.0,2453899847.0,2578026297.0,2942546781.0,3801862611.0,4920343195.0,5015157816.0,4218723875.0,3674794530.0,3719369107.0,4085114794.0,4076578543.0,4063289450.0
132,El Salvador,Latin America & Caribbean,Lower middle income,211,SLV,4817542204.0,5252342400.0,5813399300.0,6680269200.0,7679384000.0,8921947100.0,9586327800.0,10221705900.0,10936669900.0,11284197000.0,11784927700.0,12282533600.0,12664190300.0,13243892200.0,13724810900.0,14698000000.0,15999890000.0,17011750000.0,17986890000.0,17601620000.0,18447920000.0,20283780000.0,21386150000.0,21990960000.0,22593470000.0,23438240000.0,24191430000.0,24979190000.0,26020850000.0,26896660000.0,24638720000.0
133,Suriname,Latin America & Caribbean,Upper middle income,220,SUR,388400000.0,448100000.0,404600000.0,428764705.9,605492537.3,691590497.7,861411471.3,926422500.0,1110850000.0,886290697.7,947671969.7,834279357.8,1093574468.0,1274190311.0,1484092538.0,1793388732.0,2626380435.0,2936612022.0,3532969035.0,3875409836.0,4368398048.0,4422276622.0,4980000000.0,5145757576.0,5240606061.0,5126291451.0,3317438911.0,3591623596.0,3996247906.0,3984483762.0,2884248048.0
134,Slovak Republic,Europe & Central Asia,High income,221,SVK,12747380650.0,14272201755.0,15495514297.0,16520676974.0,20162936291.0,25840146405.0,27925036755.0,27706028096.0,29856000671.0,30453383763.0,29169953013.0,30752150336.0,35130340674.0,46816589165.0,57332015148.0,62785305310.0,70708098106.0,86454081577.0,100470000000.0,89046289247.0,90712671901.0,99362720494.0,94258572686.0,98541305462.0,100955000000.0,88601289843.0,89614053144.0,95157888667.0,105561000000.0,105284000000.0,105173000000.0
135,Sweden,Europe & Central Asia,High income,223,SWE,261846000000.0,274229000000.0,284321000000.0,212953000000.0,229034000000.0,267306000000.0,291744000000.0,268146000000.0,270809000000.0,274072000000.0,262835000000.0,242396000000.0,266849000000.0,334337000000.0,385118000000.0,392218000000.0,423093000000.0,491253000000.0,517706000000.0,436537000000.0,495813000000.0,574094000000.0,552484000000.0,586842000000.0,581964000000.0,505104000000.0,515655000000.0,541019000000.0,555455000000.0,533880000000.0,541220000000.0
136,Eswatini,Sub-Saharan Africa,Lower middle income,224,SWZ,1114703088.0,1156141998.0,1284766234.0,1357206996.0,1419293455.0,1698982438.0,1602760100.0,1716699913.0,1576904292.0,1547884442.0,1738100853.0,1542477309.0,1432228125.0,2197612701.0,2770082792.0,3178126492.0,3291353836.0,3469363996.0,3294093485.0,3580417067.0,4438778424.0,4820499924.0,4886533033.0,4597532030.0,4422968340.0,4063245671.0,3816022047.0,4402969226.0,4665420239.0,4495679481.0,3972728948.0
137,Seychelles,Sub-Saharan Africa,High income,226,SYC,368584758.9,374359556.1,433667193.8,473916819.5,486451204.6,508221508.2,503068472.2,562958836.5,608369282.2,622985493.7,614879764.8,622262057.2,697518248.2,705704816.0,839319927.3,919103254.5,1016418229.0,1033561654.0,967199594.0,847397850.1,969936525.3,1065826670.0,1060226126.0,1328157609.0,1343007845.0,1377495054.0,1426651769.0,1528242026.0,1547690759.0,1582841059.0,1059886364.0
138,Chad,Sub-Saharan Africa,Low income,229,TCD,1738605558.0,1877138042.0,1881847677.0,1463251055.0,1179837955.0,1445919970.0,1607345450.0,1544689503.0,1744794457.0,1534673583.0,1388506727.0,1710843361.0,1997005787.0,2742815195.0,4422855929.0,6649307057.0,7428701809.0,8650138069.0,10393834721.0,9290728773.0,10668102735.0,12172309523.0,12367363678.0,12953535496.0,13940768066.0,10950392220.0,10097778354.0,10000395242.0,11239167048.0,11314951343.0,10829076802.0
139,Togo,Sub-Saharan Africa,Low income,232,TGO,1628427515.0,1602299863.0,1692959110.0,1233496846.0,982624324.5,1309382885.0,1465448290.0,1498950899.0,1587345951.0,1576672792.0,1491891108.0,1482437752.0,1706698099.0,2115836353.0,2259992642.0,2281482855.0,2351584608.0,2662612348.0,3323677130.0,3379258565.0,3429461495.0,3872459250.0,3873308389.0,4321655656.0,4574986537.0,4180866177.0,6031632168.0,6395472574.0,7112200725.0,7220395248.0,7574636979.0
140,Thailand,East Asia & Pacific,Upper middle income,233,THA,85343063966.0,98234695722.0,111453000000.0,128889000000.0,146683000000.0,169279000000.0,183035000000.0,150181000000.0,113676000000.0,126669000000.0,126392000000.0,120296000000.0,134301000000.0,152281000000.0,172896000000.0,189319000000.0,221758000000.0,262942000000.0,291383000000.0,281710000000.0,341105000000.0,370819000000.0,397558000000.0,420333000000.0,407339000000.0,401296000000.0,413366000000.0,456357000000.0,506611000000.0,544264000000.0,501644000000.0
141,Tajikistan,Europe & Central Asia,Lower middle income,234,TJK,2629395852.0,1352000000.0,2156666667.0,1644325581.0,1518796992.0,1231040564.0,1043654822.0,921572114.5,1320242081.0,1086605267.0,860521119.3,1080768907.0,1221120799.0,1555301496.0,2076182461.0,2312327536.0,2830220713.0,3719506173.0,5161337336.0,4979481980.0,5642178580.0,6522732203.0,7633049792.0,8448469838.0,9112544556.0,8271454301.0,6992393787.0,7536439875.0,7765014424.0,8300784857.0,8194150302.0
142,Tonga,East Asia & Pacific,Upper middle income,239,TON,113563821.6,132201141.4,137066290.6,138489884.4,195990986.2,208871665.7,222100576.3,214991452.3,191504892.8,199214633.2,204849612.6,181116952.8,182763693.9,202246959.7,230657965.5,261797606.1,292232117.1,298513956.2,344428609.0,312377379.3,366840012.4,414523388.5,470714083.4,450643615.2,439878828.0,437006227.2,420540178.6,460379145.0,489235527.4,512350059.4,488829964.1
143,Trinidad and Tobago,Latin America & Caribbean,High income,242,TTO,5068000000.0,5307905882.0,5439552941.0,4669488516.0,4947205860.0,5329214163.0,5759537726.0,5737751332.0,6043694330.0,6808982521.0,8154338233.0,8824873259.0,9008273721.0,11305459802.0,13280275123.0,15982282462.0,18369361094.0,21641620050.0,27871587350.0,19172165226.0,22157948396.0,25433011405.0,25763220107.0,27268478565.0,27615843098.0,24959858249.0,22386264807.0,22385426654.0,23679919655.0,23208326548.0,21588037505.0
144,Tunisia,Middle East & North Africa,Lower middle income,243,TUN,12290568182.0,13074782609.0,15497286296.0,14608946896.0,15632463424.0,18030876599.0,19587322786.0,20746360430.0,21803372267.0,22943685719.0,21473261837.0,22066031834.0,23142153760.0,27453007373.0,31183059012.0,32273007554.0,34377310293.0,38914078352.0,44860969077.0,43454935940.0,46206331261.0,48122838145.0,47311196335.0,48683848564.0,50271342086.0,45780069047.0,44360775649.0,42163974956.0,42570270107.0,41804581484.0,41620349986.0
145,Turkey,Europe & Central Asia,Upper middle income,244,TUR,150676000000.0,150028000000.0,158459000000.0,180170000000.0,130690000000.0,169486000000.0,181476000000.0,189835000000.0,275967000000.0,256386000000.0,274303000000.0,201751000000.0,240253000000.0,314592000000.0,408876000000.0,506308000000.0,557058000000.0,681337000000.0,770462000000.0,649273000000.0,776993000000.0,838763000000.0,880556000000.0,957783000000.0,938953000000.0,864317000000.0,869693000000.0,858996000000.0,778472000000.0,761004000000.0,719955000000.0
146,Tuvalu,East Asia & Pacific,Upper middle income,245,TUV,8824447.74,9365165.914,9742949.471,9630762.954,10886825.56,11025945.14,12334846.23,12700905.45,12757632.87,13687141.11,13742057.05,13196544.95,15450994.24,18231078.54,21534931.61,21839098.89,22902861.45,27030374.03,30290219.76,27101076.28,31823518.62,38711810.21,37671774.69,37509075.11,37290607.54,35492074.22,36547799.58,40619251.99,42588164.97,47271463.33,48855550.2
147,Tanzania,Sub-Saharan Africa,Lower middle income,246,TZA,4258743263.0,4956588279.0,4601413264.0,4257702197.0,4510846968.0,5255221425.0,6496195451.0,7683852497.0,12270448700.0,12711213451.0,13375976354.0,13581644246.0,14142035080.0,15224257698.0,16675948415.0,18399046025.0,18649590248.0,21843529025.0,27941177435.0,29081425282.0,32014249841.0,34657139495.0,39650530214.0,45680532614.0,49964788814.0,47378599025.0,49774021003.0,53320625959.0,57003713611.0,61136873692.0,62409709111.0
148,Uganda,Sub-Saharan Africa,Low income,247,UGA,4304398866.0,3321729057.0,2857457860.0,3220439044.0,3990430447.0,5755818947.0,6044585327.0,6269333313.0,6584815847.0,5998563258.0,6193246837.0,5840503869.0,6178563591.0,6606884391.0,7939487474.0,9239221859.0,9977647645.0,11902564401.0,14440404021.0,25127805566.0,26673441667.0,27871725206.0,27305915761.0,28915786997.0,32612397758.0,32387183845.0,29203988815.0,30744473912.0,32927025573.0,35353060634.0,37600368181.0
149,Uruguay,Latin America & Caribbean,High income,250,URY,9298839655.0,11205971155.0,12878199881.0,15002106518.0,17474647792.0,19297663097.0,20515543039.0,23969823010.0,25385928189.0,23983945191.0,22823255802.0,20898788417.0,13606494599.0,12045631093.0,13686329890.0,17362857684.0,19579457966.0,23410572634.0,30366213119.0,31660911277.0,40284481652.0,47962439304.0,51264390116.0,57531233351.0,57236013086.0,53274304222.0,57236652490.0,64233966861.0,64515038268.0,61231149881.0,53628827440.0
150,United States,North America,High income,251,USA,5963140000000.0,6158130000000.0,6520330000000.0,6858560000000.0,7287240000000.0,7639750000000.0,8073120000000.0,8577550000000.0,9062820000000.0,9630660000000.0,10252300000000.0,10581800000000.0,10936400000000.0,11458200000000.0,12213700000000.0,13036600000000.0,13814600000000.0,14451900000000.0,14712800000000.0,14448900000000.0,14992100000000.0,15542600000000.0,16197000000000.0,16784800000000.0,17527200000000.0,18238300000000.0,18745100000000.0,19543000000000.0,20611900000000.0,21433200000000.0,20893700000000.0
151,Uzbekistan,Europe & Central Asia,Lower middle income,252,UZB,13360607918.0,13677622222.0,12941297376.0,13099013836.0,12899156991.0,13350468917.0,13948892216.0,14744603774.0,14988971211.0,17078465982.0,13760513969.0,11401421329.0,9687788513.0,10134453435.0,12030023548.0,14307509839.0,17330833853.0,22311393928.0,29549438884.0,33689223673.0,49765676402.0,60178909297.0,67517349212.0,73180036692.0,80845384375.0,86196265192.0,86138288615.0,62081323299.0,52633143808.0,59907674027.0,59929951114.0
152,St. Vincent and the Grenadines,Latin America & Caribbean,Upper middle income,253,VCT,240366666.7,254829629.6,277955555.6,286307407.4,289437037.0,316007407.4,331488888.9,347770370.4,373618518.5,390718518.5,396262963.0,430040740.7,461885185.2,481807407.4,521974074.1,550729629.6,610929629.6,684444444.4,695429629.6,674922222.2,681225925.9,676129629.6,692933333.3,721207407.4,727714814.8,755400000.0,774429629.6,792177777.8,811300000.0,825040740.7,807474074.1
153,Vietnam,East Asia & Pacific,Lower middle income,257,VNM,6471740806.0,9613369520.0,9866990236.0,13180953598.0,16286433533.0,20736164459.0,24657470575.0,26843700442.0,27209602050.0,28683659007.0,31172518403.0,32685198735.0,35064105501.0,39552513316.0,45427854693.0,57633255618.0,66371664817.0,77414425532.0,99130304099.0,106015000000.0,115932000000.0,135539000000.0,155820000000.0,171222000000.0,186205000000.0,193241000000.0,205276000000.0,223780000000.0,245214000000.0,261921000000.0,271158000000.0
154,Vanuatu,East Asia & Pacific,Lower middle income,258,VUT,168879207.2,201334169.1,209088824.6,200491853.2,233701301.5,249333250.1,261370044.5,272771209.1,262293410.7,268006972.7,272014693.1,257926881.7,262596597.8,314471328.1,364996869.1,394962552.3,439376794.1,516392922.5,590748237.0,592622502.4,670713208.1,770153304.2,747839697.7,758304466.2,772315721.3,730870581.7,780889605.9,880043553.7,914727908.1,934521604.6,881547928.6
155,Samoa,East Asia & Pacific,Lower middle income,260,WSM,125766269.8,125597205.4,132303041.4,133122897.2,221098106.5,224865731.4,249908970.7,285475591.9,269481523.2,258833766.6,269019710.3,273088357.2,288078881.4,338838639.4,420320176.4,465568018.3,505832439.8,570469196.7,619260721.6,584706020.2,663155955.0,737147951.1,760319276.0,770059551.0,756805940.2,787958585.9,799493884.3,832025574.0,821286927.5,852007112.7,807100820.6
156,South Africa,Sub-Saharan Africa,Upper middle income,263,ZAF,115552000000.0,123943000000.0,134545000000.0,147197000000.0,153513000000.0,171735000000.0,163237000000.0,168977000000.0,152983000000.0,151517000000.0,151753000000.0,135430000000.0,129088000000.0,197020000000.0,255807000000.0,288868000000.0,303861000000.0,333075000000.0,316132000000.0,329753000000.0,417365000000.0,458202000000.0,434401000000.0,400886000000.0,381199000000.0,346710000000.0,323586000000.0,381449000000.0,404842000000.0,387935000000.0,335442000000.0
157,Zambia,Sub-Saharan Africa,Lower middle income,264,ZMB,3285217391.0,3378882353.0,3181921788.0,3273237853.0,3656647744.0,3807067122.0,3597220962.0,4303281932.0,3537683046.0,3404311977.0,3600683040.0,4094480988.0,4193845678.0,4901839731.0,6221077675.0,8331870169.0,12756858899.0,14056957976.0,17910858638.0,15328342304.0,20265559484.0,23459515276.0,25503060420.0,28037239463.0,27141023558.0,21251216799.0,20958412538.0,25873601261.0,26311590297.0,23308667781.0,18110631358.0
158,Zimbabwe,Sub-Saharan Africa,Lower middle income,265,ZWE,8783816700.0,8641481700.0,6751472200.0,6563813300.0,6890675000.0,7111270700.0,8553146600.0,8529571600.0,6401968200.0,6858013100.0,6689957600.0,6777384700.0,6342116400.0,5727591800.0,5805598400.0,5755215200.0,5443896500.0,5291950100.0,4415702800.0,9665793300.0,12041655200.0,14101920300.0,17114849900.0,19091020000.0,19495519600.0,19963120600.0,20548678100.0,17584890937.0,18115543791.0,19284289739.0,18051170799.0
