,Country,Country Code,1990,1991,1992,1993,1994,1995,1996,1997,1998,1999,2000,2001,2002,2003,2004,2005,2006,2007,2008,2009,2010,2011,2012,2013,2014,2015,2016,2017,2018,2019,2020
1,Africa Eastern and Southern,AFE,2.12186E+11,2.20608E+11,2.20063E+11,2.3387E+11,2.38919E+11,2.69499E+11,2.68251E+11,2.82014E+11,2.6565E+11,2.62012E+11,2.83752E+11,2.5866E+11,2.64708E+11,3.52443E+11,4.38565E+11,5.11898E+11,5.75569E+11,6.60774E+11,7.07853E+11,7.12054E+11,8.4681E+11,9.42711E+11,9.49849E+11,9.6356E+11,9.83749E+11,9.18647E+11,8.72023E+11,9.84256E+11,1.01172E+12,1.00838E+12,9.18815E+11
3,Africa Western and Central,AFW,1.21802E+11,1.17457E+11,1.18282E+11,98826405551,86281770253,1.08221E+11,1.25763E+11,1.27064E+11,1.30107E+11,1.3752E+11,1.40408E+11,1.48012E+11,1.76933E+11,2.04642E+11,2.5409E+11,3.10554E+11,3.93297E+11,4.61778E+11,5.66426E+11,5.06996E+11,5.91583E+11,6.70963E+11,7.27571E+11,8.20788E+11,8.51487E+11,7.6073E+11,6.90543E+11,6.83742E+11,7.41692E+11,7.94572E+11,7.84588E+11
5,Albania,ALB,2028553750,1099559028,652174990.8,1185315468,1880951520,2392764853,3199641336,2258513974,2545964541,3212121651,3480355258,3922100794,4348068242,5611496257,7184685782,8052073539,8896072919,10677324144,12881353508,12044208086,11926922829,12890764531,12319830437,12776220507,13228147516,11386850130,11861199831,13019689337,15156432310,15400242875,14887629268
7,Arab World,ARB,6.22547E+11,4.38682E+11,4.73712E+11,4.82663E+11,5.0766E+11,5.55939E+11,6.14062E+11,6.62176E+11,6.44357E+11,7.12684E+11,8.15845E+11,7.98335E+11,8.02951E+11,8.87663E+11,1.05602E+12,1.29762E+12,1.53282E+12,1.78913E+12,2.25368E+12,1.97389E+12,2.30259E+12,2.49155E+12,2.72899E+12,2.78752E+12,2.81861E+12,2.45201E+12,2.40096E+12,2.45507E+12,2.71793E+12,2.7632E+12,2.43629E+12
8,United Arab Emirates,ARE,50701443748,51552165622,54239171888,55625170253,59305093980,65743666576,73571233996,78839008445,75674336283,84445473111,1.04337E+11,1.03312E+11,1.09816E+11,1.24346E+11,1.47824E+11,1.80617E+11,2.22117E+11,2.57916E+11,3.15475E+11,2.53547E+11,2.89787E+11,3.50666E+11,3.74591E+11,3.90108E+11,4.03137E+11,3.58135E+11,3.57045E+11,3.85606E+11,4.22215E+11,4.17216E+11,3.58869E+11
9,Argentina,ARG,1.41352E+11,1.8972E+11,2.28789E+11,2.36742E+11,2.5744E+11,2.58032E+11,2.7215E+11,2.92859E+11,2.98948E+11,2.83523E+11,2.84204E+11,2.68697E+11,97724004252,1.27587E+11,1.64658E+11,1.98737E+11,2.32557E+11,2.87531E+11,3.61558E+11,3.32976E+11,4.23627E+11,5.30163E+11,5.45982E+11,5.52025E+11,5.2632E+11,5.94749E+11,5.57531E+11,6.43629E+11,5.2482E+11,4.51932E+11,3.89288E+11
10,Armenia,ARM,2256838858,2069870130,1272835453,1201312829,1315158637,1468317435,1596968946,1639492445,1893726437,1845482173,1911563669,2118467913,2376335048,2807061009,3576615240,4900469950,6384451606,9206301700,11662040714,8647936748,9260284938,10142111334,10619320049,11121465767,11609512940,10553337673,10546135160,11527458566,12457941907,13619291361,12641209802
12,Antigua and Barbuda,ATG,459470370.4,481707407.4,499281481.5,535174074.1,589429629.6,577281481.5,633729629.6,680618518.5,727859259.3,766200000,826370370.4,800481481.5,814381481.5,856396296.3,919729629.6,1022962963,1157662963,1312759259,1370070370,1228329630,1148700000,1137637037,1199948148,1181448148,1249733333,1336692593,1436585185,1467977778,1605944444,1687533333,1370281481
13,Australia,AUS,3.11327E+11,3.25903E+11,3.2548E+11,3.12126E+11,3.22807E+11,3.67916E+11,4.0109E+11,4.35324E+11,3.99404E+11,3.89099E+11,4.15576E+11,3.79084E+11,3.95343E+11,4.67391E+11,6.14166E+11,6.95075E+11,7.47556E+11,8.53955E+11,1.05513E+12,9.28043E+11,1.14759E+12,1.39791E+12,1.54651E+12,1.57634E+12,1.4675E+12,1.35053E+12,1.20669E+12,1.32688E+12,1.42853E+12,1.39195E+12,1.32784E+12
14,Austria,AUT,1.66463E+11,1.73794E+11,1.95078E+11,1.9038E+11,2.03535E+11,2.41038E+11,2.37251E+11,2.1279E+11,2.1826E+11,2.17186E+11,1.968E+11,1.97338E+11,2.13378E+11,2.61696E+11,3.00904E+11,3.15974E+11,3.35999E+11,3.88691E+11,4.30294E+11,4.00172E+11,3.91893E+11,4.3112E+11,4.09425E+11,4.30069E+11,4.41996E+11,3.81818E+11,3.95569E+11,4.1623E+11,4.54946E+11,4.45012E+11,4.33258E+11
16,Burundi,BDI,1132101253,1167398478,1083037671,938632612,925030590.2,1000428394,869033856.3,972896267.9,893770806.1,808077223.4,870486065.9,876794723.1,825394490.2,784654423.6,915257323.4,1117113046,1273375020,1356199365,1611835902,1781455092,2032135247,2235820868,2333308099,2451625333,2705783272,3104394858,2732808557,2748180474,2668495743,2631434363,2841786382
17,Belgium,BEL,2.05332E+11,2.10511E+11,2.34782E+11,2.24722E+11,2.44884E+11,2.88026E+11,2.79201E+11,2.52708E+11,2.58528E+11,2.58159E+11,2.36205E+11,2.36541E+11,2.57158E+11,3.17382E+11,3.68537E+11,3.85571E+11,4.07918E+11,4.70324E+11,5.15224E+11,4.81346E+11,4.80952E+11,5.22646E+11,4.96181E+11,5.21643E+11,5.34678E+11,4.6215E+11,4.7574E+11,5.01523E+11,5.43008E+11,5.35289E+11,5.21861E+11
18,Benin,BEN,1959965244,1986437860,1695315306,2274557914,1598075932,2169627251,2361116588,2268301538,2455092582,3677394292,3519991326,3666222600,4194342849,5349258334,6190270756,6567654494,7034111651,8169048690,9787735426,9738626993,9535344283,10693321954,11141358945,12517845732,13284528654,11388160958,11821066153,12701654743,14262407012,14391686633,15651545332
19,Burkina Faso,BFA,3101300642,3135045684,3356692518,3199536228,1895290623,2379518099,2586550747,2447668985,2804902248,3389566983,2968369991,3190371050,3622350204,4740768355,5451688868,6146352742,6547420134,7625723124,9451436359,9450697336,10109618964,12080296644,12561016091,13444301139,13943016924,11832159276,12833363370,14106956830,15890065020,16178162030,17933606353
20,Bangladesh,BGD,31598341234,30957483950,31708874594,33166519418,33768660883,37939748769,46438484108,48244309133,49984559471,51270569884,53369787319,53991289844,54724081491,60158929188,65108544250,69442943089,71819083684,79611888213,91631278239,1.02478E+11,1.15279E+11,1.28638E+11,1.33356E+11,1.4999E+11,1.72885E+11,1.95079E+11,2.21415E+11,2.49711E+11,2.74039E+11,3.02571E+11,3.23057E+11
21,Bulgaria,BGR,20632090909,10943548387,10350515464,10829710145,9697416974,18983303571,12294221473,11315986087,15030695297,13627323285,13245833844,14183497963,16402846413,21144983552,26157894737,29869283400,34379808889,44405101470,54438966420,52023504656,50682061053,57678241024,54300857424,55810138436,57082011260,50781996713,53953897624,59199447421,66363422450,68915416142,69889347433
22,Bahrain,BHR,4229787234,4616223404,4751063830,5200265957,5567553457,5849467819,6101861436,6349202394,6183776596,6621010372,9062898936,8976196809,9593510638,11074813830,13150159574,15968723404,18504760638,21730000000,25710904255,22938218085,25713271277,28776595745,30749308511,32539468085,33387712766,31050638298,32234973404,35473776596,37801462766,38652579787,34729228723
23,"Bahamas, The",BHS,3166000000,3111160000,3109000000,3092000000,3259000000,3429000000,3609000000,6332360000,6833220000,7683870000,8076470000,8317830000,8881160000,8870090000,9055290000,9836200000,10167250000,10618340000,10526000000,9981960000,10095760000,10070450000,10720500000,10494600000,11142900000,11890600000,11992600000,12359700000,12837800000,13164400000,9907500000
26,Belize,BLZ,412086445.5,444720750,518559700,560205300,581269550,620422500,641660000,654582900,689140000,732732350,832072450,868358750,925197950,983575600,1051386600,1102564900,1210603750,1271598050,1351338650,1317309450,1377177100,1460797903,1522897506,1579411253,1667335061,1721700991,1789304088,1858529677,1915899787,1982518541,1636280797
27,Bermuda,BMU,1592400000,1634900000,1679900000,1820359900,1867160100,2030750000,2695390000,2932827000,3130748000,3324433000,3480219000,3680483000,3937228000,4186525000,4484703000,4868136000,6144000000,6767000000,6980000000,6656000000,6634526000,6312691000,6378188000,6465756000,6413988000,6654541000,6899911000,7142316000,7224329000,7484113000,6842700000
28,Bolivia,BOL,4867582620,5343274312,5643893347,5734676561,5981244887,6715220507,7396966657,7925673448,8497545598,8285075872,8397912509,8141537938,7905485216,8082364868,8773451739,9549077869,11451869165,13120183157,16674324634,17339992165,19649631314,23963033431,27084497483,30659338880,32996188013,33000198248,33941126200,37508642165,40287647930,40895322844,36572764863
29,Brazil,BRA,3.90726E+11,3.42609E+11,3.28188E+11,3.68296E+11,5.2537E+11,7.69333E+11,8.50426E+11,8.83206E+11,8.63711E+11,5.99642E+11,6.55448E+11,5.59984E+11,5.09795E+11,5.58234E+11,6.69289E+11,8.91634E+11,1.10763E+12,1.39711E+12,1.69586E+12,1.667E+12,2.20884E+12,2.61616E+12,2.46523E+12,2.47282E+12,2.45604E+12,1.80221E+12,1.79569E+12,2.06351E+12,1.91693E+12,1.87782E+12,1.44473E+12
30,Barbados,BRB,2012131457,2020583702,1957000000,2063342117,2151344901,2216974096,2363645403,2498384130,2817083478,2951822205,3059500000,3054500000,3106500000,3209500000,3444500000,3819500000,4217500000,4674000000,4785000000,4465500000,4530000000,4657500000,4610000000,4677000000,4696500000,4715000000,4830000000,4978000000,5086500000,5209000000,4418000000
31,Brunei Darussalam,BRN,3520551724,3701667053,4183548189,4105706152,4087337960,4734020037,5115602837,5197332974,4051147228,4600000000,6001153306,5601090584,5843329108,6557333085,7872333215,9531402848,11470703002,12247694247,14393099069,10732366286,13707370737,18525319978,19047940301,18093829923,17098342541,12930394938,11400854268,12128104859,13567351175,13469422959,12005825770
32,Bhutan,BTN,287658184,240319995.6,240215763.9,225998091.2,258985597.7,290464801.1,303435517.9,352260952.9,363452787.2,399268801.7,424464089.9,461444513.7,520849551.5,604041957.9,682523857,796938120.2,874989895.6,1168308517,1227808791,1234014292,1547991318,1777101317,1781281282,1756215665,1907090813,2003598213,2158972129,2450364928,2446866405,2535657069,2315437338
33,Botswana,BWA,3790567052,3942792837,4146513722,4160086253,4259330999,4730611067,4847752843,5020214747,4790458837,5484257417,5788329609,5489608300,5438857107,7511582173,8957467707,9918907108,10137883299,10939053365,10945070442,10267133178,12786654498,15351972361,14380004175,14901750991,15654660710,13578754072,15082578065,16088437675,16914245098,16593720656,15061922802
34,Central African Republic,CAF,1440711396,1377375031,1411917558,1278781167,851174350.6,1115389732,1007791186,937741468,967338348.7,999477510.7,914500299.1,931833302.8,991387870.1,1139754799,1270080251,1337362392,1460561215,1697565949,1985240986,2059094048,2142591376,2437982840,2510126699,1691544192,1894813505,1695825708,1825018191,2072349794,2220978978,2220307369,2380087758
35,Canada,CAN,5.9393E+11,6.10328E+11,5.92388E+11,5.77171E+11,5.78139E+11,6.04032E+11,6.28546E+11,6.54987E+11,6.34E+11,6.78412E+11,7.44773E+11,7.38982E+11,7.60649E+11,8.95541E+11,1.02669E+12,1.17311E+12,1.31926E+12,1.46882E+12,1.55299E+12,1.37463E+12,1.61734E+12,1.79333E+12,1.82837E+12,1.8466E+12,1.80575E+12,1.55651E+12,1.52799E+12,1.64927E+12,1.72185E+12,1.74158E+12,1.64404E+12
36,Central Europe and the Baltics,CEB,2.56336E+11,2.42729E+11,2.59967E+11,2.74116E+11,3.10947E+11,3.93353E+11,4.16122E+11,4.10087E+11,4.488E+11,4.34962E+11,4.28235E+11,4.68798E+11,5.28225E+11,6.34036E+11,7.63111E+11,8.86826E+11,1.00287E+12,1.26663E+12,1.53232E+12,1.29034E+12,1.31803E+12,1.44911E+12,1.35332E+12,1.42272E+12,1.46565E+12,1.29297E+12,1.32141E+12,1.46392E+12,1.64533E+12,1.67386E+12,1.65326E+12
37,Switzerland,CHE,2.65987E+11,2.69128E+11,2.80157E+11,2.72466E+11,3.01628E+11,3.53133E+11,3.40471E+11,2.95121E+11,3.03882E+11,2.9852E+11,2.79841E+11,2.87227E+11,3.10176E+11,3.63063E+11,4.05531E+11,4.20545E+11,4.43802E+11,4.93537E+11,5.70304E+11,5.582E+11,6.03434E+11,7.22038E+11,6.9211E+11,7.12748E+11,7.34397E+11,7.0215E+11,6.95601E+11,7.04479E+11,7.35539E+11,7.31767E+11,7.52248E+11
39,Chile,CHL,33113887818,37834793730,45964327559,49297773130,57008425296,73447063319,78039572222,84952360922,81577430181,75173794497,77860932152,70979923960,69736811435,75643459840,99210392858,1.22965E+11,1.54788E+11,1.73606E+11,1.79638E+11,1.72389E+11,2.18538E+11,2.52252E+11,2.67122E+11,2.78384E+11,2.60542E+11,2.43919E+11,2.5044E+11,2.77035E+11,2.97572E+11,2.79385E+11,2.5294E+11
40,China,CHN,3.60858E+11,3.83373E+11,4.26916E+11,4.44731E+11,5.64325E+11,7.34548E+11,8.63747E+11,9.61604E+11,1.02904E+12,1.094E+12,1.21135E+12,1.3394E+12,1.47055E+12,1.66029E+12,1.95535E+12,2.28597E+12,2.75213E+12,3.55034E+12,4.59431E+12,5.1017E+12,6.08716E+12,7.5515E+12,8.53223E+12,9.57041E+12,1.04757E+13,1.10616E+13,1.12333E+13,1.23104E+13,1.38948E+13,1.42799E+13,1.47227E+13
41,Cote d'Ivoire,CIV,10795850107,10492628915,11152971316,11045759469,8313557450,11000146839,18071153890,18047557172,19619653924,18870992456,16577533355,16810536884,18054384023,21251755294,23510577108,24036917017,25281414473,28760092035,34078243426,33886814907,34936305297,36693712825,36302305578,42760237561,35363533866,45814637971,47964234560,51588158718,58011466451,58539424930,61348579465
42,Cameroon,CMR,12314482085,11840192674,12071775381,16181813512,8902446188,10864773037,11093539497,10789457915,11298144512,11565827386,10566578953,10953485244,12417251816,15970315751,18826215278,19509850837,20910513975,23928251334,27715144580,27932971683,27507499709,30630912185,30155064574,33728622819,36386546918,32210232912,33814337900,36098550142,39973839065,39670977333,40804449726
43,"Congo, Dem. Rep.",COD,9349764580,9633911368,8227200892,10706246371,5840529412,5647034188,5772020526,6091061291,6215716712,4711259427,19088046306,7438189100,8728038525,8937567060,10297483481,11964484668,14451902468,16737071816,19788515874,18648373312,21565720044,25839749199,29306235826,32679745298,35909040266,37917704900,37134799975,38019265626,47146004587,50400747050,48716960860
44,"Congo, Rep.",COG,2798746051,2724853593,2933222714,2684323424,1769365425,2116003978,2540697688,2322718991,1949481297,2353909564,3227927593,2796704577,3034251042,3503723245,4656975223,6647357442,8065134528,8771102025,11602893043,9684321633,13135580695,15634897273,17693924573,17953617927,17889079958,11885478502,10215989995,11090177747,13670036996,12750339023,10187122341
45,Colombia,COL,47844090710,49175565911,58418985443,66446804803,81703500846,92507279383,97160109278,1.0666E+11,98443739941,86186158685,99886577331,98211749596,97963003805,94641378693,1.17082E+11,1.45619E+11,1.61619E+11,2.06182E+11,2.42187E+11,2.32398E+11,2.86563E+11,3.34944E+11,3.70921E+11,3.82116E+11,3.81112E+11,2.93482E+11,2.82825E+11,3.11884E+11,3.34198E+11,3.2343E+11,2.71438E+11
46,Comoros,COM,429622147.7,424108796.6,457388578.9,452881443.1,319189200.4,398461789.6,396053797.6,364445589.7,370106776,382454989.9,351136568.4,378512003.4,425964697.4,546885185,633706149.3,653845122.9,698431827.7,795673128.5,915659192.8,905341090.6,907978723.5,1023086184,1015843369,1116224161,1149587652,966029542,1012835518,1077439663,1188797575,1192559739,1235400352
47,Cabo Verde,CPV,306891107.3,319827058.6,357160985.3,490417389.7,406580652.3,487148993.5,501979069.3,490608657.9,521910560.5,592416703.1,539227277.6,563024383.3,620974660.2,813963830.2,924318490.8,971977088.2,1107891063,1513933983,1789333749,1711817182,1664310770,1865915544,1741809809,1850470042,1859898513,1596800287,1662998678,1768319144,1966503223,1981845741,1703698677
48,Costa Rica,CRI,5711687787,7196276092,8564044017,9582866263,10486784805,11578594260,11678424507,12614602382,13684255947,14254866281,15013629659,15976174337,16578820687,17271760507,18610594846,20040642477,22715540324,26884700345,30801744881,30745712007,37658614803,42762617082,47231651863,50949672206,52016408951,56441917653,58847016045,60516043590,62420165100,64072870932,61846895121
49,Caribbean small states,CSS,18011678552,17878504939,17575413724,19033356758,20014967687,22072783646,24081792639,28202808369,30129171334,31944649113,34218221461,35249133311,36990732762,39545920854,43259612458,48918948094,55671360538,61875369660,70340114413,59411440870,64524447018,69668271733,72051115324,73345409464,74470922980,73243299833,69598702058,71693634217,75312833438,76173669481,66039332389
50,Cuba,CUB,28645436569,24316556026,22085858243,22367254865,28448326757,30429803651,25017368700,25365908100,25736331200,28364615200,30565400000,31682400000,33590500000,35901200000,38203000000,42643836100,52742800000,58603900000,60806300000,62080000000,64328000000,68990000000,73141000000,77148000000,80656000000,87133000000,91370000000,96851000000,1.0005E+11,1.03428E+11,1.07352E+11
53,Cyprus,CYP,5591130218,5770197348,6912150456,6590291048,7425703929,9933133247,10011918444,9547818700,10248617647,10497908306,9985844486,10397897086,11420227885,14547325028,17320552500,18433411267,20072786351,23968764030,27844698989,25945391775,25732432719,27565469098,24978513427,23900872626,23156850007,19842404305,20953442550,22870833710,25522671233,25758357775,24612646488
54,Czech Republic,CZE,40728950705,29859921159,34805013230,40866748705,47850203856,60147174077,67387788633,62180159376,66807429711,65173130995,61828166496,67808032980,82196001051,1.0009E+11,1.19814E+11,1.37143E+11,1.56264E+11,1.90184E+11,2.36816E+11,2.07434E+11,2.0907E+11,2.29563E+11,2.08858E+11,2.11686E+11,2.09359E+11,1.88033E+11,1.96272E+11,2.18629E+11,2.4895E+11,2.52498E+11,2.45349E+11
55,Germany,DEU,1.77167E+12,1.86895E+12,2.13157E+12,2.07132E+12,2.20507E+12,2.58579E+12,2.49724E+12,2.21199E+12,2.23899E+12,2.1942E+12,1.94315E+12,1.94411E+12,2.06862E+12,2.49613E+12,2.80919E+12,2.8458E+12,2.9922E+12,3.42123E+12,3.73003E+12,3.39779E+12,3.39635E+12,3.74441E+12,3.52734E+12,3.73274E+12,3.88392E+12,3.35624E+12,3.4675E+12,3.68173E+12,3.97535E+12,3.88833E+12,3.84641E+12
56,Djibouti,DJI,452328087.3,462421998.5,478058304.9,466048469.2,491689220.7,497723960.6,494004647.7,502675542,514267869.3,536080148.1,551230861.9,572417440.8,591122039.6,622044665.5,666072101.8,708633194.7,768873684,847918929.1,999105339.3,1049110685,1128611700,1239144502,1353632942,2042817163,2214679081,2430274292,2603540257,2751445574,3012803457,3324615549,3384385217
57,Dominica,DMA,201429629.6,219762963,234059259.3,245525925.9,264374074.1,274522222.2,292285185.2,302988888.9,322411111.1,331759259.3,333470370.4,340203703.7,333196296.3,343311111.1,367200000,364255555.6,390251851.9,421374074.1,458188888.9,489074074.1,493825925.9,501025925.9,485996296.3,498296296.3,520207407.4,540737037,576229629.6,519837037,550622222.2,611537037,504214814.8
58,Denmark,DNK,1.38247E+11,1.39225E+11,1.52916E+11,1.43196E+11,1.56162E+11,1.85007E+11,1.87632E+11,1.73538E+11,1.76992E+11,1.77965E+11,1.64159E+11,1.64791E+11,1.78635E+11,2.18096E+11,2.51373E+11,2.64467E+11,2.82885E+11,3.19423E+11,3.53361E+11,3.21241E+11,3.21995E+11,3.44003E+11,3.27149E+11,3.43584E+11,3.52994E+11,3.02673E+11,3.13116E+11,3.32121E+11,3.56841E+11,3.47561E+11,3.56085E+11
59,Dominican Republic,DOM,7073675545,9824498183,11605382504,13081042400,14644711385,16637370839,18241691857,20017480055,21672231761,22136621337,24305717542,25601765401,27137508657,21403167848,22322395368,35777570136,37879869898,43965420072,48122547177,48261033298,53860175556,58029750746,60681537196,62682163837,67179914027,71164825257,75704720190,79997975622,85555378043,88941299734,78844702329
60,Algeria,DZA,62048562947,45715614560,48003078389,49945599429,42543178042,41764315330,46941582519,48177612042,48187747529,48640653469,54790392746,54744712815,56760355865,67863828413,85332581189,1.03198E+11,1.17027E+11,1.34977E+11,1.71001E+11,1.37211E+11,1.61207E+11,2.00013E+11,2.09059E+11,2.09755E+11,2.1381E+11,1.65979E+11,1.60034E+11,1.70097E+11,1.74911E+11,1.71767E+11,1.45009E+11
61,East Asia & Pacific (excluding high income),EAP,6.8642E+11,7.48767E+11,8.44528E+11,9.37245E+11,1.13649E+12,1.4118E+12,1.63162E+12,1.72158E+12,1.64131E+12,1.87331E+12,2.09837E+12,2.29512E+12,2.72189E+12,3.3697E+12,4.10506E+12,4.95808E+12,6.20192E+12,8.24616E+12,1.08461E+13,1.20461E+13,1.44009E+13,1.74634E+13,1.07745E+13,1.18283E+13,1.27512E+13,1.32812E+13,1.35602E+13,1.48193E+13,1.6575E+13,1.71354E+13,1.74489E+13
62,Early-demographic dividend,EAR,1.8604E+12,1.97201E+12,2.17532E+12,2.41733E+12,2.55772E+12,2.64641E+12,2.90108E+12,3.13012E+12,3.14799E+12,3.4061E+12,3.74585E+12,3.80007E+12,3.93673E+12,4.6849E+12,5.64589E+12,6.77609E+12,8.0874E+12,1.01806E+13,1.23817E+13,1.28148E+13,1.5335E+13,1.74972E+13,1.01515E+13,1.02509E+13,1.06034E+13,1.00824E+13,1.03078E+13,1.11376E+13,1.12148E+13,1.15273E+13,1.06682E+13
63,East Asia & Pacific,EAS,4.75624E+12,5.37307E+12,5.87695E+12,6.582E+12,7.46736E+12,8.49517E+12,8.21254E+12,7.89248E+12,7.13778E+12,8.03629E+12,8.73685E+12,8.23472E+12,8.58723E+12,9.75422E+12,1.11761E+13,1.22571E+13,1.34889E+13,1.58396E+13,1.90728E+13,2.01799E+13,2.35735E+13,2.76051E+13,2.11871E+13,2.13676E+13,2.20384E+13,2.19514E+13,2.27207E+13,2.42685E+13,2.64163E+13,2.69815E+13,2.70974E+13
64,Europe & Central Asia (excluding high income),ECA,9.17092E+11,8.89947E+11,8.22315E+11,8.15259E+11,7.06924E+11,7.58627E+11,7.66262E+11,7.96889E+11,7.47245E+11,6.27751E+11,7.00116E+11,6.95454E+11,7.96769E+11,1.00502E+12,1.33099E+12,1.68805E+12,2.07208E+12,2.68405E+12,3.32469E+12,2.6119E+12,3.11937E+12,3.85333E+12,4.08533E+12,4.34102E+12,4.04579E+12,3.09913E+12,2.96586E+12,3.32988E+12,3.42399E+12,3.49393E+12,3.2224E+12
65,Europe & Central Asia,ECS,8.82356E+12,9.11639E+12,9.79833E+12,9.00376E+12,9.41607E+12,1.08714E+13,1.10963E+13,1.0521E+13,1.07947E+13,1.06724E+13,1.00467E+13,1.01573E+13,1.10997E+13,1.35181E+13,1.57584E+13,1.67806E+13,1.81692E+13,2.12295E+13,2.33183E+13,2.05105E+13,2.10136E+13,2.32964E+13,2.2463E+13,2.34775E+13,2.3794E+13,2.05086E+13,2.04456E+13,2.16489E+13,2.32173E+13,2.29349E+13,2.21268E+13
66,Ecuador,ECU,15239278100,16988535268,18094238119,18938717359,22708673337,24432884442,25226393197,28162053027,27981896948,19645272636,18327764882,24468324000,28548945000,32432858000,36591661000,41507085000,46802044000,51007777000,61762635000,62519686000,69555367000,79276664000,87924544000,95129659000,1.01726E+11,99290381000,99937696000,1.04296E+11,1.07562E+11,1.08108E+11,98808010000
67,"Egypt, Arab Rep.",EGY,42978914311,37387836491,41855986519,46578631453,51897983393,60159245060,67629716981,78436578171,84828807556,90710704807,99838543960,96684636119,85146067416,80288461538,78782467532,89600665557,1.07426E+11,1.30438E+11,1.62818E+11,1.89147E+11,2.18984E+11,2.3599E+11,2.79117E+11,2.88434E+11,3.05595E+11,3.29367E+11,3.32442E+11,2.35734E+11,2.49713E+11,3.03081E+11,3.65253E+11
68,Euro area,EMU,5.88069E+12,6.11412E+12,6.74562E+12,6.17247E+12,6.51562E+12,7.51571E+12,7.6046E+12,6.95226E+12,7.14927E+12,7.1138E+12,6.47952E+12,6.59067E+12,7.16611E+12,8.84296E+12,1.01419E+13,1.05197E+13,1.11748E+13,1.28629E+13,1.41012E+13,1.28879E+13,1.26291E+13,1.36197E+13,1.26389E+13,1.31917E+13,1.3491E+13,1.16697E+13,1.19645E+13,1.26462E+13,1.36922E+13,1.34138E+13,1.30212E+13
70,Spain,ESP,5.36559E+11,5.77166E+11,6.30916E+11,5.25076E+11,5.30563E+11,6.14609E+11,6.42589E+11,5.90077E+11,6.19215E+11,6.34693E+11,5.96878E+11,6.27287E+11,7.05394E+11,9.05492E+11,1.06709E+12,1.15329E+12,1.25934E+12,1.47213E+12,1.62522E+12,1.48558E+12,1.42072E+12,1.47877E+12,1.32482E+12,1.35476E+12,1.3694E+12,1.19512E+12,1.23208E+12,1.3093E+12,1.4203E+12,1.39305E+12,1.28148E+12
72,Ethiopia,ETH,12175166763,13463868357,10492993078,8830712714,6927950565,7663984568,8547939731,8589211390,7818224906,7700833482,8242392104,8231326016,7850809498,8623691300,10131187261,12401139454,15280861835,19707616773,27066912635,32437389116,29933790334,31952763089,43310721414,47648211133,55612228234,64589334979,74296618481,81770791971,84269348327,95912590628,1.07645E+11
73,European Union,EUU,6.49847E+12,6.73602E+12,7.40629E+12,6.76111E+12,7.16187E+12,8.29603E+12,8.43152E+12,7.73376E+12,7.96979E+12,7.92337E+12,7.26012E+12,7.38817E+12,8.05002E+12,9.91255E+12,1.14006E+13,1.1907E+13,1.27047E+13,1.47126E+13,1.62406E+13,1.47132E+13,1.45454E+13,1.57418E+13,1.46369E+13,1.5296E+13,1.56342E+13,1.35472E+13,1.38852E+13,1.47348E+13,1.59715E+13,1.56896E+13,1.52921E+13
74,Fragile and conflict affected situations,FCS,4.62179E+11,2.92122E+11,3.03293E+11,3.05544E+11,3.25181E+11,4.02907E+11,4.43202E+11,5.24229E+11,5.8956E+11,7.2099E+11,8.60081E+11,9.37235E+11,1.15556E+12,1.55505E+12,2.04863E+12,2.63608E+12,3.42927E+12,4.70224E+12,6.37987E+12,7.00553E+12,8.23729E+12,9.40115E+12,1.79286E+12,1.80585E+12,1.95764E+12,1.5588E+12,1.4062E+12,1.43884E+12,1.57148E+12,1.65993E+12,1.50627E+12
75,Finland,FIN,1.41438E+11,1.27774E+11,1.12533E+11,89214114708,1.033E+11,1.3419E+11,1.32129E+11,1.26912E+11,1.34039E+11,1.35218E+11,1.25707E+11,1.29421E+11,1.39738E+11,1.71274E+11,1.97117E+11,2.04809E+11,2.16908E+11,2.56053E+11,2.84554E+11,2.52497E+11,2.49181E+11,2.75244E+11,2.58305E+11,2.71285E+11,2.74497E+11,2.3444E+11,2.40608E+11,2.55017E+11,2.7558E+11,2.68782E+11,2.69751E+11
76,Fiji,FJI,1337024782,1383843860,1532401863,1636074718,1825763268,1970347721,2128696644,2090184941,1653160862,1936484565,1678239218,1652464201,1833279985,2300453634,2708078477,2980484920,3076305453,3378314600,3523185920,2870624636,3140508836,3774530616,3972012571,4190143206,4856963230,4682546863,4930204230,5353404422,5581371848,5496264766,4533883782
77,France,FRA,1.26918E+12,1.26928E+12,1.40147E+12,1.32282E+12,1.39398E+12,1.60109E+12,1.60568E+12,1.45288E+12,1.50311E+12,1.49265E+12,1.36225E+12,1.37647E+12,1.49429E+12,1.84048E+12,2.11574E+12,2.19613E+12,2.31859E+12,2.65721E+12,2.91838E+12,2.69022E+12,2.64261E+12,2.86141E+12,2.68383E+12,2.81108E+12,2.85217E+12,2.43821E+12,2.47129E+12,2.58874E+12,2.78959E+12,2.72887E+12,2.63032E+12
79,"Micronesia, Fed. Sts.",FSM,147200000,166200000,178100000,198400000,202500000,221575300,218534700,206626300,218873100,220140500,233271800,240970900,242517200,245432900,240236000,250281900,253541900,256787200,263145100,280284600,296944100,311301600,327248700,317214400,319271200,316489900,332265200,366666800,401932300,408057100,410083600
80,Gabon,GAB,5952293766,5402919957,5592390849,4378645081,4190819314,4958845906,5694040337,5326816859,4483417120,4662992036,5080483464,5023265365,5335451308,6511903657,7770219480,9582783318,10327598801,12455410056,15571349776,12113699661,14372591916,18210308748,17170465294,17595745653,18203968002,14383107714,14023890620,14929488771,16867325127,16874405840,15316826192
81,United Kingdom,GBR,1.09317E+12,1.1428E+12,1.17966E+12,1.06139E+12,1.14049E+12,1.34642E+12,1.42151E+12,1.55957E+12,1.65339E+12,1.68576E+12,1.66213E+12,1.64391E+12,1.78408E+12,2.05709E+12,2.42181E+12,2.54483E+12,2.71706E+12,3.10618E+12,2.93888E+12,2.4258E+12,2.49111E+12,2.67489E+12,2.71916E+12,2.80329E+12,3.08717E+12,2.95657E+12,2.72285E+12,2.69902E+12,2.90079E+12,2.87867E+12,2.7642E+12
83,Ghana,GHA,5889174825,6596546196,6413901602,5966255778,5444560669,6465137615,6934984709,6891308594,7480968858,7719354839,4983024408,5314909954,6166330136,7632406553,8881368538,10744675210,20440893017,24827844950,28678701891,26048108185,32197272797,39337314810,41270954737,62823043706,54782847753,49406568433,56165172899,60406382899,67299280680,68337537816,68532281806
85,Guinea,GIN,2666750686,3015058139,3284620543,3279096606,3383092828,3693710533,3868968302,3783700462,3588375477,3461282543,2995361141,2829435957,2950198649,3446441698,3635458133,2937071767,4220019243,6281917656,6964179194,6716904569,6853467858,6785137173,7638045254,8376613843,8778473615,8794202444,8595955581,10324668267,11857030337,13513809258,15681050917
86,"Gambia, The",GMB,317083373.5,690314321.4,714255460.5,755042548.1,746491692.6,785996982.5,848237108.6,803630742.5,840285264.6,814723460.1,782915402.4,687408804.6,578236035.1,487038821.6,961900106.9,1027702254,1054113427,1279704745,1561763437,1450140386,1543292393,1409694554,1415006238,1375608956,1229460602,1378176868,1484579844,1504909753,1670670669,1812529105,1868086275
87,Guinea-Bissau,GNB,243961995.5,257150374.1,226313443.7,236880821.7,235620043.5,253966922.3,270419779.4,268550998.2,206457544.5,224446663.8,371095510,392621385.9,417806667.1,477458598.7,532062927.4,587029054.4,592365688.1,696910810.9,868154708.5,830126470,849878424.2,1099818652,989271229.6,1046087418,1054915645,1048229629,1179004941,1350177128,1504630121,1439638443,1431758243
88,Equatorial Guinea,GNQ,112119406.5,110906032.1,134707184.4,136047896.2,100807001.8,141853368.3,232463036.4,442337849.5,370687618.7,621117885.7,1045998496,1461139022,1806742742,2484745935,4410764339,8217369093,10086528699,13071718759,19749893536,15027795173,16314443429,21357343682,22388344124,21948834290,21765453087,13185496881,11240808847,12200913888,13097012189,11417278045,10021856754
89,Greece,GRC,97891092003,1.05143E+11,1.16225E+11,1.08809E+11,1.16602E+11,1.36878E+11,1.45862E+11,1.43158E+11,1.44428E+11,1.42541E+11,1.30134E+11,1.36191E+11,1.53831E+11,2.01924E+11,2.40521E+11,2.47783E+11,2.73318E+11,3.18498E+11,3.54461E+11,3.3E+11,2.96835E+11,2.82626E+11,2.42043E+11,2.3884E+11,2.35145E+11,1.95605E+11,1.93017E+11,1.99351E+11,2.11946E+11,2.05144E+11,1.88835E+11
90,Grenada,GRD,278098763,300757888.9,310160444.4,309812185.2,325111814.8,342172518.5,366911444.4,392190592.6,445903592.6,482009370.4,520044370.4,520444185.2,540336925.9,591018407.4,599118592.6,695555555.6,698700666.7,758683592.6,825976037,771275555.6,771013259.3,778655925.9,799882259.3,842620111.1,911497407.4,997007925.9,1061640741,1125685185,1166523556,1212694407,1042100556
92,Guatemala,GTM,7650125217,9406097735,10440842165,11399942453,12983235568,14655404433,15674835615,17790026222,19395491993,18318412251,19288827159,18405203853,20444205991,21576351799,23577286227,26783543667,29744368111,33567868323,38503862831,37125943565,40676432029,46876114650,49593961142,52996540704,57852399964,62186186576,66053725049,71654134379,73208583759,77020015201,77604632171
94,Guyana,GUY,396582263.3,348533094.8,373573141.5,454101382.5,540874934.2,621626785.9,705406001.4,749138009.6,717530683.2,694754988.3,712667896.7,712167575.6,726131434.7,743064076.8,787814379.2,824880550.3,2379818383,2730971150,3025187924,3165663153,3432913073,3691384318,4063089192,4167800259,4127659492,4279840194,4482697337,4748174334,4787636237,5173760192,5471256595
95,High income,HIC,1.8934E+13,2.00348E+13,2.15557E+13,2.17207E+13,2.33797E+13,2.59624E+13,2.61856E+13,2.5737E+13,2.58278E+13,2.71348E+13,2.76902E+13,2.74199E+13,2.85678E+13,3.20294E+13,3.56524E+13,3.77053E+13,3.98132E+13,4.35279E+13,4.62699E+13,4.339E+13,4.5481E+13,4.90999E+13,4.91482E+13,4.97395E+13,5.08242E+13,4.80456E+13,4.90865E+13,5.13069E+13,5.45423E+13,5.50344E+13,5.33963E+13
96,"Hong Kong SAR, China",HKG,76928290842,88959620136,1.04272E+11,1.20354E+11,1.35812E+11,1.44653E+11,1.59717E+11,1.77353E+11,1.68886E+11,1.65768E+11,1.71668E+11,1.69403E+11,1.66349E+11,1.61385E+11,1.691E+11,1.8157E+11,1.93536E+11,2.11597E+11,2.1928E+11,2.14046E+11,2.28638E+11,2.48514E+11,2.62629E+11,2.75697E+11,2.91459E+11,3.09384E+11,3.20838E+11,3.41244E+11,3.61692E+11,3.63016E+11,3.46586E+11
97,Honduras,HND,4923009552,4648668479,4943700431,4926728933,4642280682,5347445005,5215028986,5737099650,6366340266,6414520530,7103826902,7565854724,7775251510,8140278401,8772169959,9672023050,10841724917,12275500116,13789443623,14486159608,15729649159,17588098575,18400538859,18372173381,19618567250,20833948800,21566622850,22975415842,23900438564,24915522849,23662231634
98,Heavily indebted poor countries (HIPC),HPC,1.39386E+11,1.41025E+11,1.3167E+11,1.3663E+11,1.16033E+11,1.35421E+11,1.46797E+11,1.52869E+11,1.6175E+11,1.62518E+11,1.76221E+11,1.71308E+11,1.84419E+11,2.08777E+11,2.40665E+11,2.7658E+11,3.26148E+11,3.91059E+11,4.65062E+11,4.63586E+11,5.04396E+11,5.5889E+11,5.78534E+11,6.49339E+11,6.73234E+11,6.58855E+11,6.67163E+11,7.19093E+11,7.67292E+11,7.88297E+11,7.9572E+11
100,Haiti,HTI,3096289800,3473540602,2257121668,1878248741,2167564195,2813313279,2907514523,3338938830,3723909227,4153736347,6813577558,6331961555,6058134467,4826827577,6036959915,7184064657,7518107787,9522763154,10485225353,11597014807,11859315079,13008754111,13708926466,14902474091,15139264670,14833154472,13987693739,15035560373,16455034353,14785839383,14508218017
102,IBRD only,IBD,3.51767E+12,3.41288E+12,3.6154E+12,3.90899E+12,4.32604E+12,4.90965E+12,5.36181E+12,5.68541E+12,5.52038E+12,5.37619E+12,5.85063E+12,5.92239E+12,6.01238E+12,6.75936E+12,8.05754E+12,9.63469E+12,1.14216E+13,1.41919E+13,1.70331E+13,1.65246E+13,2.00692E+13,2.36961E+13,2.51891E+13,2.66069E+13,2.75043E+13,2.57779E+13,2.59858E+13,2.86801E+13,3.04789E+13,3.11841E+13,2.99006E+13
103,IDA & IBRD total,IBT,3.88263E+12,3.78951E+12,3.99825E+12,4.29567E+12,4.72946E+12,5.3901E+12,5.91443E+12,6.29234E+12,6.19617E+12,6.15434E+12,6.74789E+12,6.9068E+12,7.26573E+12,8.45785E+12,1.02342E+13,1.23677E+13,1.49345E+13,1.89417E+13,2.33708E+13,2.35421E+13,2.82707E+13,3.32145E+13,2.70093E+13,2.8527E+13,2.95447E+13,2.77939E+13,2.79427E+13,3.07034E+13,3.26227E+13,3.3421E+13,3.21373E+13
104,IDA total,IDA,3.61243E+11,3.72506E+11,3.79001E+11,3.82895E+11,3.99349E+11,4.7582E+11,5.47797E+11,6.01985E+11,6.71683E+11,7.75105E+11,8.94357E+11,9.82004E+11,1.25265E+12,1.69892E+12,2.17784E+12,2.73489E+12,3.51633E+12,4.75565E+12,6.34738E+12,7.02845E+12,8.21423E+12,9.53316E+12,1.82018E+12,1.92005E+12,2.04042E+12,2.01521E+12,1.95676E+12,2.02439E+12,2.145E+12,2.2378E+12,2.23744E+12
105,IDA blend,IDB,1.46299E+11,1.4692E+11,1.47612E+11,1.32706E+11,1.33301E+11,1.56254E+11,1.7245E+11,1.76072E+11,1.73821E+11,1.81553E+11,2.06705E+11,2.06387E+11,2.28079E+11,2.56458E+11,3.12115E+11,3.73174E+11,4.66905E+11,5.38453E+11,6.39782E+11,6.06747E+11,7.09848E+11,8.14198E+11,9.00517E+11,9.77961E+11,1.04923E+12,1.01143E+12,9.42118E+11,9.25119E+11,9.66188E+11,9.98391E+11,9.61669E+11
106,Indonesia,IDN,1.06141E+11,1.16622E+11,1.28027E+11,1.58007E+11,1.76892E+11,2.02132E+11,2.2737E+11,2.15749E+11,95445547873,1.40001E+11,1.65021E+11,1.60447E+11,1.95661E+11,2.34772E+11,2.56837E+11,2.85869E+11,3.64571E+11,4.32217E+11,5.10229E+11,5.3958E+11,7.55094E+11,8.92969E+11,9.1787E+11,9.12524E+11,8.90815E+11,8.60854E+11,9.31877E+11,1.01562E+12,1.04227E+12,1.11909E+12,1.05842E+12
107,IDA only,IDX,2.14116E+11,2.24895E+11,2.3073E+11,2.49882E+11,2.65785E+11,3.19281E+11,3.75103E+11,4.25796E+11,4.97987E+11,5.93911E+11,6.88098E+11,7.76349E+11,1.02592E+12,1.44469E+12,1.86871E+12,2.3656E+12,3.05452E+12,4.22481E+12,5.71836E+12,6.43404E+12,7.5188E+12,8.73573E+12,9.19776E+11,9.42089E+11,9.91194E+11,1.00377E+12,1.01464E+12,1.09927E+12,1.17881E+12,1.23941E+12,1.27646E+12
109,India,IND,3.20979E+11,2.70105E+11,2.88208E+11,2.79296E+11,3.27276E+11,3.60282E+11,3.92897E+11,4.15868E+11,4.21351E+11,4.5882E+11,4.68395E+11,4.85441E+11,5.14938E+11,6.07699E+11,7.09149E+11,8.20382E+11,9.4026E+11,1.21674E+12,1.1989E+12,1.34189E+12,1.67562E+12,1.82305E+12,1.82764E+12,1.85672E+12,2.03913E+12,2.10359E+12,2.2948E+12,2.65147E+12,2.70111E+12,2.8705E+12,2.66025E+12
111,Ireland,IRL,49305632408,49787501584,55918538121,52417477614,57097656066,69139823232,75790786290,82856648758,90199410116,98860565736,99958806891,1.09252E+11,1.27986E+11,1.64308E+11,1.94015E+11,2.11798E+11,2.31986E+11,2.69736E+11,2.74327E+11,2.35509E+11,2.2166E+11,2.38663E+11,2.2551E+11,2.38212E+11,2.58625E+11,2.91463E+11,2.98725E+11,3.34602E+11,3.84854E+11,3.99122E+11,4.25889E+11
113,Iraq,IRQ,1.80408E+11,407796349.7,553671957.7,1031944881,3991349283,12894029888,10433698621,20764857056,20617405044,36881601584,48364250944,36176430129,32928454672,21921569479,36627901762,49954890353,65140147197,88837055195,1.31614E+11,1.11658E+11,1.38517E+11,1.8575E+11,2.18002E+11,2.34638E+11,2.28416E+11,1.66774E+11,1.66602E+11,1.87218E+11,2.27367E+11,2.35097E+11,1.66757E+11
114,Iceland,ISL,6468736287,6909730237,7080981669,6218581472,6389460286,7123633356,7426081278,7569666974,8503693099,8982047589,9025660362,8234846805,9318395055,11429333038,13825302536,16852963067,17465318552,21652505597,18074622987,13154414219,13751161918,15221622926,14751508134,16125060515,17867662178,17517210519,20793168031,24728285177,26267063758,24857740445,21718075725
116,Italy,ITA,1.18122E+12,1.24622E+12,1.32016E+12,1.06496E+12,1.09922E+12,1.17466E+12,1.31243E+12,1.24188E+12,1.27005E+12,1.25202E+12,1.14383E+12,1.16701E+12,1.27071E+12,1.57415E+12,1.80323E+12,1.85752E+12,1.94792E+12,2.21029E+12,2.39886E+12,2.19124E+12,2.13402E+12,2.29199E+12,2.08708E+12,2.14132E+12,2.15913E+12,1.8359E+12,1.8758E+12,1.95695E+12,2.09091E+12,2.00938E+12,1.88871E+12
117,Jamaica,JAM,4592224067,4106199176,3535460090,5440064773,5452564385,6577523825,7393883555,8400033894,8787195622,8887061867,9005064475,9194717836,9719017926,9430230564,10174664854,11243868486,11930171468,12799593018,13709402085,12120460873,13220556883,14444655300,14807086889,14264202737,13899228824,14188935948,14077109397,14808989993,15730793853,15830768550,13812425037
118,Jordan,JOR,4160003917,4344250257,5311329067,5605841536,6237739516,6727446632,6928359238,7246188575,7912327362,8149106065,8460424401,8975689845,9582453032,10195660790,11411390409,12588665303,15056929760,17110587447,22657662393,24537876056,27133804225,29524149155,31634561690,34454440141,36847643521,38587017887,39892551127,41408960845,42932112676,44502895915,43697659296
119,Japan,JPN,3.13282E+12,3.58442E+12,3.90881E+12,4.45414E+12,4.9988E+12,5.54556E+12,4.92339E+12,4.49245E+12,4.09836E+12,4.63598E+12,4.96836E+12,4.37471E+12,4.18285E+12,4.51956E+12,4.89312E+12,4.83147E+12,4.60166E+12,4.57975E+12,5.10668E+12,5.28949E+12,5.75907E+12,6.23315E+12,6.27236E+12,5.21233E+12,4.89699E+12,4.44493E+12,5.00368E+12,4.93084E+12,5.03689E+12,5.14878E+12,5.05776E+12
120,Kazakhstan,KAZ,26932729103,24923076923,24917355372,23409260880,21250792886,20374302652,21035368251,22165932063,22135254836,16870821840,18291994909,22152694162,24636593223,30833699703,43151647003,57123671734,81003884545,1.0485E+11,1.33442E+11,1.15309E+11,1.48047E+11,1.92627E+11,2.07999E+11,2.36635E+11,2.21416E+11,1.84388E+11,1.37278E+11,1.66806E+11,1.7934E+11,1.81667E+11,1.71082E+11
121,Kenya,KEN,8572359163,8151479004,8209129172,5751789915,7148145376,9046326060,12045858436,13115773738,14093998844,12896013577,12705357103,12986007426,13147743911,14904517650,16095337094,18737897745,25825524821,31958195182,35895153328,42347217913,45405587557,46869457318,56396706006,61671425370,68285768554,70120413329,74815121315,82035800868,92202956321,1.00555E+11,1.01014E+11
122,Kyrgyz Republic,KGZ,2675000000,2569444444,2316562500,2028295455,1681006993,1661018519,1827570586,1767864036,1645963750,1249061487,1369688498,1525116370,1605643105,1919008090,2211534585,2460248026,2834168889,3802566171,5139957785,4690062255,4794357795,6197766119,6605139933,7335027592,7468096567,6678178340,6813092066,7702934800,8271108638,8871026074,7735976273
124,Kiribati,KIR,39809538.68,47515189.28,47737955.35,46919624.64,54832577.86,56338028.17,66515376.79,67537479.59,65334841.06,69032258.06,67254174.4,63101272.37,72196457.68,90231856.8,102367039.3,112133944.3,110234939.8,132671743,141042610.3,132419902,156120439.3,181705153.6,190243432.8,185114059.6,179703165.4,171117816.7,178328984.1,187276124.8,200157020.6,188391770.6,197508774.3
125,St. Kitts and Nevis,KNA,217259259.3,220540740.7,242137037,263755555.6,295159259.3,313485185.2,333944444.4,374641308,383257331.4,406595484.4,421695769.8,458643829,481077373.7,469869869.9,506900000,547203703.7,644411111.1,689285185.2,751233333.3,747862963,760170370.4,817759259.3,800414814.8,839770370.4,916566666.7,923155555.6,1008888889,1060740741,1078518519,1164814815,980740740.7
126,"Korea, Rep.",KOR,2.83368E+11,3.30649E+11,3.55525E+11,3.92666E+11,4.63617E+11,5.66583E+11,6.1017E+11,5.69755E+11,3.83331E+11,4.97513E+11,5.76178E+11,5.47658E+11,6.27246E+11,7.02717E+11,7.93175E+11,9.34901E+11,1.05322E+12,1.17261E+12,1.04734E+12,9.43942E+11,1.14407E+12,1.25322E+12,1.27843E+12,1.3708E+12,1.48432E+12,1.46577E+12,1.50011E+12,1.6239E+12,1.72485E+12,1.65142E+12,1.6379E+12
127,Kuwait,KWT,18427777778,11008793176,19858555215,23941391391,24848483838,27191353887,31493319973,30355093966,25939960630,30123850197,37712842243,34887512227,38137545245,47876510067,59439090601,80798630137,1.01549E+11,1.1464E+11,1.47395E+11,1.05963E+11,1.15419E+11,1.54068E+11,1.7407E+11,1.74161E+11,1.62631E+11,1.14567E+11,1.0942E+11,1.20707E+11,1.38182E+11,1.36197E+11,1.0596E+11
128,Latin America & Caribbean (excluding high income),LAC,9.69955E+11,1.03772E+12,1.12729E+12,1.32784E+12,1.57682E+12,1.68777E+12,1.84226E+12,2.01007E+12,2.0199E+12,1.79178E+12,1.98074E+12,1.9262E+12,1.73318E+12,1.77295E+12,2.02314E+12,2.44853E+12,2.86098E+12,3.38117E+12,3.91238E+12,3.63658E+12,4.54739E+12,5.31006E+12,5.28824E+12,5.43153E+12,5.46042E+12,4.65292E+12,4.52726E+12,5.04719E+12,4.9056E+12,4.8494E+12,4.03527E+12
129,Lao PDR,LAO,865559856.2,1028087972,1127806945,1327748655,1543606345,1763536305,1873671550,1747011857,1280177839,1454430642,1731198022,1768619058,1758176653,2023324407,2366398120,2735558726,3455031448,4223152219,5446434032,5836138127,7131773633,8750107402,10192848926,11983252611,13279248479,14426381187,15912495369,17071162084,18141651381,18897252233,19132635712
130,Lebanon,LBN,2838485354,4690415093,5843579161,7941744492,9599127050,11718795528,13690217333,15751867489,17247179006,17391056369,17260364842,17649751244,19152238806,20082918740,21159827992,21497336499,22022709852,24827355015,29118916106,35399582929,38443907042,39927125961,44035991893,46909335551,48133414840,50065946086,51389318291,53324800959,55276157552,51953744507,31735217785
132,Libya,LBY,28901836158,31995012469,33881392045,30657030223,28607921929,25544128199,27884615385,30698633109,27249786142,35976714101,38270206950,34110064452,20481889764,26265625000,33122307692,47334148578,54961936663,67516236338,87140405361,63028320702,74773444901,34699395524,81873662519,65502870174,41142722414,27842131480,26197143268,37883243650,52607888718,52091152228,25418916029
133,St. Lucia,LCA,579629629.6,613703703.7,674074074.1,684814814.8,713703703.7,762962963,788888888.9,805925925.9,877407407.4,921851851.9,932592592.6,892592592.6,900000000,987407407.4,1066666667,1135555556,1268319185,1336088815,1437731111,1401507889,1486758037,1576988407,1605146778,1664816741,1755130815,1808079889,1865513444,1996771444,2065127259,2118791556,1616772741
134,Latin America & Caribbean,LCN,1.10771E+12,1.18932E+12,1.29859E+12,1.50689E+12,1.76901E+12,1.92148E+12,2.07913E+12,2.27934E+12,2.29999E+12,2.07544E+12,2.29189E+12,2.24258E+12,2.01341E+12,2.05427E+12,2.36783E+12,2.86324E+12,3.3558E+12,3.95355E+12,4.59426E+12,4.31835E+12,5.35333E+12,6.08693E+12,6.15039E+12,6.30327E+12,6.42694E+12,5.37099E+12,5.24921E+12,5.83053E+12,5.70388E+12,5.62726E+12,4.72552E+12
135,Least developed countries: UN classification,LDC,1.63598E+11,1.71364E+11,1.69906E+11,1.8688E+11,1.96268E+11,2.41535E+11,2.80744E+11,3.26184E+11,3.89891E+11,4.83808E+11,5.77536E+11,6.57565E+11,9.07179E+11,1.31705E+12,1.72347E+12,2.20772E+12,2.87642E+12,4.02006E+12,5.48252E+12,6.1766E+12,7.23652E+12,8.65531E+12,8.7058E+11,8.93206E+11,9.62291E+11,9.44897E+11,9.34969E+11,1.02434E+12,1.06209E+12,1.10583E+12,1.1123E+12
136,Low income,LIC,1.10823E+11,1.14897E+11,1.10987E+11,1.1635E+11,1.14708E+11,1.29412E+11,1.43504E+11,1.54208E+11,1.58155E+11,1.60838E+11,1.88099E+11,1.87903E+11,2.01433E+11,2.20121E+11,2.5822E+11,3.07883E+11,3.56947E+11,4.29943E+11,5.14962E+11,5.20948E+11,5.77169E+11,4.03235E+11,3.83756E+11,3.94766E+11,4.2275E+11,4.16828E+11,3.85815E+11,4.0799E+11,4.24436E+11,4.46839E+11,4.57644E+11
138,Sri Lanka,LKA,8032551173,9000362582,9703011636,10338679636,11717604209,13029697561,13897738375,15091913884,15794972847,15656327860,16330814180,15749753805,16536535647,18881765437,20662525941,24405791045,28279814925,32350248411,40713812310,42066217872,56725749222,65292753005,68434409315,74317806538,79356449841,80604080689,82401038710,87428128124,87963042341,83990946939,80676681934
139,Lower middle income,LMC,1.04642E+12,9.93378E+11,1.0618E+12,1.08681E+12,1.18656E+12,1.36323E+12,1.53611E+12,1.60415E+12,1.53503E+12,1.72966E+12,1.87086E+12,1.98833E+12,2.32435E+12,2.94981E+12,3.61707E+12,4.4013E+12,5.48518E+12,7.23074E+12,9.07106E+12,9.83179E+12,1.17355E+13,1.37811E+13,6.28542E+12,6.34369E+12,6.58343E+12,6.45859E+12,6.73746E+12,7.24652E+12,7.34692E+12,7.73577E+12,7.38477E+12
140,Low & middle income,LMY,3.73935E+12,3.60879E+12,3.78798E+12,4.07888E+12,4.49383E+12,5.08514E+12,5.58581E+12,5.93966E+12,5.82308E+12,5.79116E+12,6.3649E+12,6.50692E+12,6.89391E+12,8.06544E+12,9.74522E+12,1.17665E+13,1.42268E+13,1.80756E+13,2.22913E+13,2.25675E+13,2.7144E+13,3.20776E+13,2.58262E+13,2.73169E+13,2.82245E+13,2.67959E+13,2.6944E+13,2.95948E+13,3.14112E+13,3.22187E+13,3.09912E+13
141,Lesotho,LSO,596415104.5,704329192.8,831033941.1,835592802.3,878250450.6,1001889857,946123275.9,997996028.6,928458206,912771290.6,887295267.9,825706961.2,775780697.7,1157832935,1511236656,1682350935,1800105590,1682016947,1766825413,1740830511,2234731974,2579421686,2477702253,2367113170,2441053176,2359759799,2114323794,2306843529,2514146888,2366213069,1875227642
142,Late-demographic dividend,LTE,1.94688E+12,1.96267E+12,2.01005E+12,2.09421E+12,2.43355E+12,3.01606E+12,3.32651E+12,3.48309E+12,3.35341E+12,3.09874E+12,3.40267E+12,3.51739E+12,3.72767E+12,4.24685E+12,5.10625E+12,6.16294E+12,7.43791E+12,9.37086E+12,1.16476E+13,1.12559E+13,1.35021E+13,1.64525E+13,1.7599E+13,1.89676E+13,1.96898E+13,1.84627E+13,1.85105E+13,2.0541E+13,2.25202E+13,2.29469E+13,2.24241E+13
144,Luxembourg,LUX,12778792854,13834219728,15518702635,15925521222,17701798891,20853093870,20895314658,19563836265,20150053345,21891923077,21177470978,21369028188,23537637869,29601904063,35000480507,37658234050,42874225317,51521903915,58604890874,54252213115,56159192758,61615545000,59779802783,65184744717,68713294386,60047430684,62174650367,65549868207,71250208996,70195715496,73353132794
146,"Macao SAR, China",MAC,3246477995,3765226191,4914391079,5665570561,6311194302,7046110595,7176892950,7267563603,6797764075,6547629475,6774193548,6860272608,7371723056,8246521717,10643215078,12160002996,14874147024,18439876056,21027044551,21587740942,28241858489,36845925519,43189526778,51536304808,54903031138,45047964934,45070605746,50440941939,55284360483,55204758070,25586111076
148,Morocco,MAR,30180108562,32285388165,33711069431,31655473664,35604137423,39030285468,43161452678,39147844526,41806219379,41632027600,38857251336,39459581217,42236836821,52064058834,59626020162,62343022651,68640825481,79041294874,92507257784,92897320376,93216746662,1.0137E+11,98266306615,1.06826E+11,1.10081E+11,1.0118E+11,1.03312E+11,1.09683E+11,1.18096E+11,1.1987E+11,1.14725E+11
151,Madagascar,MDG,3931334871,3254713056,3714967007,4063298919,3522226903,3838101052,4931861239,4262965282,4401967499,4277903780,4629247091,5438332738,5351701534,6372498720,5064732716,5859269849,6395712392,8524620739,10725137931,9616879571,9982711338,11551819618,11578974888,12423555269,12522957228,11323020829,11848613735,13176313594,13760033097,14104664515,13056079982
152,Maldives,MDV,215043969.8,244396761.9,284874919.6,322417837.2,356013395.7,398988955,450382328,508223602.4,540096397.6,589239753.6,624337145.3,870030468.6,897031250,1052121055,1226829563,1163362438,1575200391,1868383461,2271646188,2345294875,2588176055,2774351760,2886170572,3295011382,3697351597,4109424800,4379136462,4754175869,5300962660,5607762625,3742769967
153,Middle East & North Africa,MEA,8.00911E+11,5.60573E+11,6.1253E+11,6.21841E+11,6.55963E+11,7.39588E+11,8.36066E+11,8.796E+11,8.60091E+11,9.33774E+11,1.04643E+12,1.04116E+12,1.03574E+12,1.14851E+12,1.35662E+12,1.63256E+12,1.90802E+12,2.25902E+12,2.81772E+12,2.54694E+12,2.96438E+12,3.27796E+12,3.54655E+12,3.49727E+12,3.51265E+12,3.08522E+12,3.09545E+12,3.21525E+12,3.35657E+12,3.39442E+12,3.02627E+12
154,Mexico,MEX,2.61254E+11,3.13143E+11,3.63158E+11,5.00736E+11,5.27813E+11,3.60074E+11,4.10976E+11,5.00413E+11,5.26502E+11,6.00233E+11,7.07907E+11,7.56706E+11,7.72106E+11,7.29336E+11,7.82241E+11,8.77476E+11,9.75387E+11,1.0527E+12,1.10999E+12,9.00045E+11,1.0578E+12,1.18049E+12,1.20109E+12,1.27444E+12,1.31535E+12,1.17187E+12,1.07849E+12,1.15891E+12,1.22241E+12,1.26943E+12,1.07392E+12
155,Marshall Islands,MHL,78476000,82507000,91063000,99461000,108071000,120230000,110858000,110705600,112279400,114326300,115347500,122824000,131738200,131398500,132440200,136559500,141515800,148346700,151898900,149769600,160407100,172188500,180436300,184840400,182142800,183814300,201510900,213204100,221588900,239462200,244462400
156,Middle income,MIC,3.63168E+12,3.49771E+12,3.68038E+12,3.96592E+12,4.38157E+12,4.95846E+12,5.44545E+12,5.78897E+12,5.66909E+12,5.63484E+12,6.18294E+12,6.32485E+12,6.6989E+12,7.8516E+12,9.49397E+12,1.14667E+13,1.38785E+13,1.76547E+13,2.17863E+13,2.20566E+13,2.65763E+13,3.16713E+13,2.5443E+13,2.69221E+13,2.78024E+13,2.63804E+13,2.6558E+13,2.9186E+13,3.09856E+13,3.17711E+13,3.05353E+13
157,North Macedonia,MKD,4699646643,4938775510,2436849342,2682456897,3559607241,4707036096,4642018354,3912986091,3765747305,3863621186,3772857145,3709637830,4018365247,4946292775,5682788267,6258600714,6861222332,8336478142,9909548411,9401731496,9407168702,10494632699,9745251126,10817712139,11362272838,10064515432,10672471861,11307058382,12683070061,12606338449,12263710123
158,Mali,MLI,2681959313,2724101611,2830692639,2818306754,2081864106,2706416623,2780435257,2697102922,2920367497,3440743432,2961476518,3468327017,3908139487,4714051055,5454228771,6247496491,6905876385,8156532186,9838404005,10232036863,10689167195,12995113407,12442036265,13242691430,14364937997,13104764334,14026048691,15365714371,17070866299,17280251194,17465392916
159,Malta,MLT,2547163582,2750041434,3021910217,2709178327,2998570147,3720400535,3822882801,3793418418,4010571223,4121350732,4069515579,4088368978,4470446391,5448415500,6098092551,6416184181,6778324050,7925371475,9090406767,8696366907,9035932122,9638916481,9462238211,10551661177,11626281387,11091434484,11721521913,13221298308,14864712990,15215714309,14647384608
160,Myanmar,MMR,21227553397,27189628556,35595770696,49621391105,68807734001,94641791002,1.19006E+11,1.55212E+11,2.14066E+11,3.03065E+11,3.70266E+11,4.53486E+11,6.8295E+11,1.06451E+12,1.43046E+12,1.85964E+12,2.47013E+12,3.52971E+12,4.8843E+12,5.58424E+12,6.5725E+12,7.89943E+12,1.13591E+11,60572254371,63264891867,63045306514,60291738935,61449391917,67144726168,68697761477,79852046611
161,Middle East & North Africa (excluding high income),MNA,5.0714E+11,2.62771E+11,2.89372E+11,2.97115E+11,3.18545E+11,3.71194E+11,4.27896E+11,4.52411E+11,4.61255E+11,5.01593E+11,5.32014E+11,5.37955E+11,5.23457E+11,5.71742E+11,6.79294E+11,8.02027E+11,9.29931E+11,1.13989E+12,1.40737E+12,1.37256E+12,1.57952E+12,1.56563E+12,1.69994E+12,1.57182E+12,1.54766E+12,1.38587E+12,1.4039E+12,1.38469E+12,1.32022E+12,1.34354E+12,1.19575E+12
163,Mongolia,MNG,2560785660,2379018326,1317611864,768401634.2,925817092.2,1452165005,1345719472,1180934203,1124440249,1057408589,1136896124,1267997934,1396555720,1595297356,1992066808,2523471532,3414055566,4234999823,5623216449,4583850368,7189481824,10409797649,12292770631,12582122604,12226514722,11619892396,11181350461,11480847745,13178094459,14206359007,13312981595
166,Mauritania,MRT,1506914408,2133688270,2164292208,1847350612,1944876755,2091731421,2132081882,2072001067,2032345832,1985924387,1779523344,1746064719,1777058593,2051147607,2362501023,2936019526,3919577286,4346206809,5206444407,4714592493,5628882266,6764635687,6728208836,7223063170,6592537782,6166857629,6398744505,6799075419,7354430040,7889662452,7913680231
167,Mauritius,MUS,2653480001,2856890681,3224267548,3263368410,3558137040,4040345933,4421943910,4187367602,4169664285,4343710333,4663313620,4613630623,4841310240,5816553827,6578844486,6488750453,7028803366,8150138757,9990370016,9128843109,10003670690,11518393367,11668685524,12129642296,12803445934,11692287066,12232463656,13259351418,14181951059,14045808843,10920606198
168,Malawi,MWI,1880771556,2203545857,1799517082,2070636936,1181802596,1397457932,2281034131,2663234934,1750584265,1775921718,1743506531,1716502862,3495748398,3208837077,3476094499,3655909664,3998020177,4432937046,5321012192,6191127665,6959655571,8004000737,6028487929,5518880769,6047813437,6373212641,5433040160,8943543677,9880675786,11025357838,12182348213
169,Malaysia,MYS,44024178343,49143148094,59167550163,66894837030,74478356958,88705342903,1.00855E+11,1.00005E+11,72167498981,79148421053,93789736842,92783947368,1.00846E+11,1.10202E+11,1.24749E+11,1.43534E+11,1.62691E+11,1.93548E+11,2.30814E+11,2.02258E+11,2.55017E+11,2.97952E+11,3.14443E+11,3.23277E+11,3.38062E+11,3.01355E+11,3.01255E+11,3.19112E+11,3.58792E+11,3.65276E+11,3.37006E+11
170,North America,NAC,6.55867E+12,6.77009E+12,7.11439E+12,7.43755E+12,7.86724E+12,8.24581E+12,8.70436E+12,9.23547E+12,9.69995E+12,1.03124E+13,1.10006E+13,1.13245E+13,1.1701E+13,1.2358E+13,1.32449E+13,1.42146E+13,1.514E+13,1.59274E+13,1.62728E+13,1.58302E+13,1.6616E+13,1.73422E+13,1.80318E+13,1.86379E+13,1.93393E+13,1.98015E+13,2.028E+13,2.11994E+13,2.23409E+13,2.31823E+13,2.25446E+13
171,Namibia,NAM,2789944498,2996885561,3429538534,3251230621,3666501464,3978497753,3989208662,4154955686,3873098656,3868541599,3922247990,3557333364,3349184760,4926471294,6609198833,7248394160,8001779551,8839526452,8607475308,8938868165,11431334447,12523402329,13042007432,12043276397,12435416060,11335179562,10721994677,12895153160,13682062249,12496781720,10619194505
173,Niger,NER,3512356353,3285796980,3386232592,3052673623,1938058161,2302537682,2405687081,2290318800,2643363407,2537790023,2241753120,2448714681,2782192987,3394084885,3760443966,4383315657,4756361480,5731485267,7297600897,7352131669,7851191899,8772951262,9426913349,10224897935,10862944204,9683867894,10398862245,11185102400,12808660528,12916455161,13741378450
174,Nigeria,NGA,54035795388,49118433048,47794925815,27752204320,33833042988,44062465800,51075815093,54457835193,54604050168,59372613486,69448756933,74030364472,95385819321,1.04912E+11,1.36386E+11,1.76134E+11,2.36104E+11,2.75626E+11,3.39476E+11,2.95009E+11,3.61457E+11,4.04994E+11,4.55502E+11,5.08693E+11,5.46676E+11,4.86803E+11,4.0465E+11,3.75746E+11,3.9719E+11,4.4812E+11,4.32294E+11
175,Nicaragua,NIC,1009455484,1488804124,1792800000,1756454248,3863185119,4140470000,4308351903,4389965591,4635267225,4855717875,5107329007,5323146566,5224213018,5322454926,5795568205,6321335612,6763418646,7423421958,8496946608,8298679909,8758592272,9774262742,10532006608,10982979274,11880434071,12756706583,13286083645,13785876629,13025239912,12611218627,12621505383
176,Netherlands,NLD,3.18331E+11,3.275E+11,3.62963E+11,3.5355E+11,3.7913E+11,4.52302E+11,4.5049E+11,4.16813E+11,4.38008E+11,4.46899E+11,4.16443E+11,4.31213E+11,4.71614E+11,5.78792E+11,6.57172E+11,6.85093E+11,7.33341E+11,8.47482E+11,9.47998E+11,8.68077E+11,8.46555E+11,9.04086E+11,8.38971E+11,8.76924E+11,8.90981E+11,7.65265E+11,7.83528E+11,8.3181E+11,9.13597E+11,9.10194E+11,9.13865E+11
177,Norway,NOR,1.19792E+11,1.21872E+11,1.30838E+11,1.20579E+11,1.27131E+11,1.5203E+11,1.6352E+11,1.61357E+11,1.54163E+11,1.62284E+11,1.71247E+11,1.73972E+11,1.95524E+11,2.28859E+11,2.64512E+11,3.08884E+11,3.45581E+11,4.00937E+11,4.6225E+11,3.8619E+11,4.28757E+11,4.98283E+11,5.09506E+11,5.22762E+11,4.9841E+11,3.85802E+11,3.68827E+11,3.98394E+11,4.37E+11,4.0551E+11,3.62522E+11
178,Nepal,NPL,3627562403,3921476085,3401211581,3660041667,4066775510,4401104418,4521580381,4918691917,4856255044,5033642384,5494252208,6007055042,6050875807,6330473097,7273938315,8130258041,9043715356,10325618017,12545438605,12854985464,16002656434,21621710003,21703106502,22162208956,22731602970,24360795410,24524098184,28971589213,33111525183,34186180695,33657175561
180,New Zealand,NZL,45495129385,42745329732,41649829860,46775620817,55314732279,63918703507,70140835299,66075143415,56227169851,58762260626,52623281957,53872425917,66627729311,88250885550,1.03905E+11,1.1472E+11,1.11539E+11,1.37189E+11,1.33131E+11,1.21374E+11,1.46518E+11,1.68291E+11,1.76207E+11,1.90907E+11,2.01313E+11,1.78064E+11,1.88943E+11,2.06951E+11,2.12226E+11,2.12891E+11,2.10701E+11
181,OECD members,OED,1.8798E+13,1.98959E+13,2.13987E+13,2.16907E+13,2.32743E+13,2.56574E+13,2.58733E+13,2.54784E+13,2.57393E+13,2.70309E+13,2.76132E+13,2.73597E+13,2.85306E+13,3.19293E+13,3.55461E+13,3.76001E+13,3.9668E+13,4.34075E+13,4.60116E+13,4.30719E+13,4.51891E+13,4.86108E+13,4.85801E+13,4.92306E+13,5.02639E+13,4.74639E+13,4.8398E+13,5.05016E+13,5.34656E+13,5.39835E+13,5.23369E+13
182,Oman,OMN,11685045514,11341482445,12452275683,12493107932,12918855657,13802600780,15277763329,15837451235,13996914596,15593456122,19507452508,19452000476,20142756175,21633708220,24763713001,31081991725,37215779656,42085379489,60905452458,48388363516,56913065779,67871907375,76511069704,78555622509,80686929102,68420257567,65441278668,70585606844,79788768969,76331518669,64648393044
183,Other small states,OSS,54434614979,56052410087,61143960082,58226834950,60908208892,70232782348,73995136553,76863051372,75292616833,80948689717,91409484062,90943070776,98114311646,1.22146E+11,1.51573E+11,1.83627E+11,2.15786E+11,2.64056E+11,3.23027E+11,2.77199E+11,3.22471E+11,3.96935E+11,4.14204E+11,4.32281E+11,4.46199E+11,3.69944E+11,3.65871E+11,3.98012E+11,4.4155E+11,4.32772E+11,3.75853E+11
184,Pakistan,PAK,40010423970,45625234698,48884606848,51809949334,52293456906,60636022423,63320122807,62433300338,62191955814,62973855719,82017743416,79484403985,79904985385,91760542940,1.0776E+11,1.20055E+11,1.37264E+11,1.52386E+11,1.70078E+11,1.68153E+11,1.77166E+11,2.13587E+11,2.24384E+11,2.31219E+11,2.44361E+11,2.70556E+11,2.78655E+11,3.04567E+11,3.14568E+11,2.79057E+11,2.6261E+11
185,Panama,PAN,6433967000,7074675500,8042337700,8782585400,9365289800,9573813700,9870494000,10677286100,11575486400,12130252200,12304115000,12502013400,12994310400,13693981200,15013381700,16374393900,18141666300,21295984230,25155888616,27116635565,29440287581,34686224301,40429734384,45599994005,49921464365,54091713776,57907695409,62202725204,64929409212,66984427150,53977036995
186,Peru,PER,26410386669,34341465998,35966302303,34832077221,44882079767,53312793687,55252414130,58147522523,55501467877,50187324568,51744749133,52030158775,54777553515,58731030122,66768703498,76060606061,88643193062,1.02171E+11,1.20551E+11,1.20823E+11,1.47529E+11,1.71762E+11,1.92649E+11,2.01175E+11,2.00789E+11,1.89805E+11,1.91896E+11,2.11007E+11,2.22575E+11,2.28471E+11,2.02014E+11
187,Philippines,PHL,50508286643,51784207132,60422309297,62036625223,73159245524,84644220102,94648084429,94106183450,74492325247,85640133800,83669693589,78921234457,84307291974,87039145965,95002028505,1.0742E+11,1.27653E+11,1.5598E+11,1.81625E+11,1.75975E+11,2.08369E+11,2.34217E+11,2.61921E+11,2.83903E+11,2.97483E+11,3.06446E+11,3.18627E+11,3.28481E+11,3.46842E+11,3.76823E+11,3.61489E+11
189,Papua New Guinea,PNG,3219730365,3787394958,4377980510,4974550286,5502786070,4636057476,5155311077,4936615299,3789443015,3477038204,3521339699,3081024212,2999511040,3536411824,3927157867,4865892972,8355006707,9545177014,11670840932,11619637799,14250755231,17984910502,21295659244,21261432791,23210682538,21723531173,20759069103,22742613554,24109509853,24751344552,24668899683
190,Poland,POL,65977749037,85500935935,94337050693,96045645026,1.10803E+11,1.42293E+11,1.60193E+11,1.59358E+11,1.74686E+11,1.70031E+11,1.72219E+11,1.90905E+11,1.99072E+11,2.17827E+11,2.5511E+11,3.06144E+11,3.44622E+11,4.29029E+11,5.33609E+11,4.39738E+11,4.79834E+11,5.28301E+11,4.98524E+11,5.21016E+11,5.42477E+11,4.77812E+11,4.7263E+11,5.26509E+11,5.87412E+11,5.97281E+11,5.96624E+11
191,Pre-demographic dividend,PRE,3.70432E+11,1.66914E+11,1.59677E+11,1.43927E+11,1.35082E+11,1.73691E+11,1.92628E+11,2.12232E+11,2.19065E+11,2.39512E+11,2.77419E+11,2.65114E+11,3.03921E+11,3.30243E+11,4.1231E+11,5.14675E+11,6.4742E+11,7.83964E+11,9.81864E+11,8.91299E+11,1.03728E+12,1.19907E+12,1.30577E+12,1.43515E+12,1.49675E+12,1.31697E+12,1.20422E+12,1.25757E+12,1.3435E+12,1.4062E+12,1.29117E+12
192,Puerto Rico,PRI,30603919000,32287031000,34630430000,36922456000,39690630000,42647331000,45340835000,48187039000,54086400000,57841000000,61701800000,69208400000,71623500000,74827400000,80322313000,83914521300,87276164400,89524131600,93639300000,96385600000,98381300000,1.00352E+11,1.01565E+11,1.0245E+11,1.02446E+11,1.03376E+11,1.04337E+11,1.03446E+11,1.00925E+11,1.04915E+11,1.03138E+11
194,Portugal,PRT,78713860217,89233599278,1.07592E+11,95009751901,99688641304,1.18122E+11,1.2263E+11,1.17017E+11,1.23946E+11,1.27427E+11,1.18311E+11,1.21499E+11,1.34156E+11,1.64862E+11,1.89035E+11,1.9718E+11,2.08582E+11,2.40191E+11,2.62345E+11,2.43702E+11,2.37881E+11,2.44797E+11,2.16237E+11,2.2637E+11,2.29596E+11,1.99314E+11,2.06286E+11,2.20811E+11,2.42195E+11,2.39987E+11,2.28539E+11
195,Paraguay,PRY,5812114523,6984367763,7157424031,7249533620,7870982005,9062131475,9788391781,9965225678,9260481572,8837070236,8855705140,8495806432,7196260657,7691367471,9624440836,10737500188,13429430050,17856270473,24616537618,22355601273,27237782850,33756238767,33296438306,38651334288,40377987209,36211372703,36089550659,38997129474,40225448341,37906944075,35670301496
197,Pacific island small states,PSS,2351149204,2500506858,2742975774,2907993100,3426022250,3716833627,3978702321,3985636451,3413029075,3754359623,3444921970,3395627477,3564053883,4178053089,4818328915,5329582224,5613654073,6192507725,6609313729,5916221065,6566818383,7713181064,8186804963,8498136739,9226234551,9019345254,9456355296,10212037558,10656209173,10641343380,9530487872
198,Post-demographic dividend,PST,1.835E+13,1.93758E+13,2.08064E+13,2.09468E+13,2.25232E+13,2.49767E+13,2.50952E+13,2.46004E+13,2.47078E+13,2.59404E+13,2.63806E+13,2.61321E+13,2.72414E+13,3.05559E+13,3.39497E+13,3.57381E+13,3.76078E+13,4.10255E+13,4.33783E+13,4.0867E+13,4.263E+13,4.57868E+13,4.57368E+13,4.61909E+13,4.71328E+13,4.46396E+13,4.56631E+13,4.75926E+13,5.04822E+13,5.09842E+13,4.95387E+13
200,Qatar,QAT,7360439423,6883516484,7646153984,7156593654,7374450769,8137911978,9059340385,11297802115,10255495027,12393131868,17759890110,17538461538,19363736264,23533791209,31734065934,44530494505,60882142857,79712087912,1.1527E+11,97798351648,1.25122E+11,1.67775E+11,1.86834E+11,1.98728E+11,2.06225E+11,1.6174E+11,1.51732E+11,1.61099E+11,1.83335E+11,1.76371E+11,1.44411E+11
201,Romania,ROU,38995454545,28998684211,25121666667,26362894737,30074440483,37435317265,36937074278,35574916295,41694118973,35952781582,37253259017,40394824679,46066101951,57806506024,74972669057,98452791983,1.22023E+11,1.74585E+11,2.14314E+11,1.74104E+11,1.66309E+11,1.83327E+11,1.70636E+11,1.90801E+11,1.99959E+11,1.77729E+11,1.88129E+11,2.11695E+11,2.41457E+11,2.49882E+11,2.48716E+11
202,Russian Federation,RUS,5.16814E+11,5.17963E+11,4.60291E+11,4.35084E+11,3.95077E+11,3.95537E+11,3.91725E+11,4.04929E+11,2.70955E+11,1.95907E+11,2.5971E+11,3.06602E+11,3.4547E+11,4.30348E+11,5.91017E+11,7.64017E+11,9.89931E+11,1.29971E+12,1.66085E+12,1.22264E+12,1.52492E+12,2.04593E+12,2.2083E+12,2.29247E+12,2.05924E+12,1.36348E+12,1.27679E+12,1.5742E+12,1.65733E+12,1.68745E+12,1.4835E+12
203,Rwanda,RWA,2550185618,1911600970,2029026704,1971525999,753636370.5,1293535011,1382334879,1851558302,1989343495,2155659413,2067528500,1965444515,1964779921,2137093489,2375281627,2932213575,3317951468,4068065929,5177015141,5671332138,6121234529,6881038270,7650300320,7815599503,8241332517,8539048448,8690485823,9253098954,9640280084,10355974217,10333991456
204,South Asia,SAS,4.07187E+11,3.62263E+11,3.84734E+11,3.811E+11,4.32324E+11,4.7985E+11,5.2497E+11,5.50712E+11,5.58425E+11,5.98324E+11,6.30429E+11,6.4587E+11,6.77627E+11,7.91003E+11,9.17089E+11,1.05059E+12,1.19609E+12,1.50419E+12,1.52747E+12,1.68343E+12,2.06078E+12,2.27455E+12,2.30009E+12,2.35961E+12,2.58456E+12,2.69943E+12,2.92645E+12,3.34811E+12,3.43659E+12,3.59725E+12,3.38642E+12
205,Saudi Arabia,SAU,1.1763E+11,1.32223E+11,1.37088E+11,1.32968E+11,1.35175E+11,1.43343E+11,1.58662E+11,1.65964E+11,1.46775E+11,1.61717E+11,1.89515E+11,1.84137E+11,1.89606E+11,2.15808E+11,2.58742E+11,3.2846E+11,3.769E+11,4.15965E+11,5.19797E+11,4.29098E+11,5.28207E+11,6.71239E+11,7.35975E+11,7.46647E+11,7.5635E+11,6.5427E+11,6.44936E+11,6.88586E+11,7.86522E+11,7.92967E+11,7.00118E+11
206,Sudan,SDN,12408647541,11379222222,7034219713,8881785938,12794192334,13829744879,9018243044,11681494637,11250327988,10682045258,12257418326,15716489370,18136839087,21355576673,26645490675,35182105414,45264519503,59440139775,64831935604,51621044077,58962978034,55018567211,37632919967,43024018082,49516748618,51726758677,42630376000,41283617976,30964349685,26155799325,21329109522
207,Senegal,SEN,7390967035,7255210701,7769817869,7367985695,5034588159,6326342963,6559712551,6041478436,6505607633,6592835458,6013184809,6507824767,7006402592,8768721956,10076817278,11009032665,11697918803,13994218939,16853991177,16145868285,16121314671,17814284622,17660871726,18918668644,19797254643,17774766636,19040312815,20996564752,23116699808,23306213742,24644234595
208,Singapore,SGP,36144336769,45466164978,52130263966,60603478153,73690847191,87810991957,96295886525,1.00124E+11,85728310229,86284660767,96074477958,89794943350,92537752709,97645448284,1.15035E+11,1.27808E+11,1.4863E+11,1.80942E+11,1.93612E+11,1.94152E+11,2.39809E+11,2.79351E+11,2.95087E+11,3.07576E+11,3.14851E+11,3.08004E+11,3.18764E+11,3.43338E+11,3.75982E+11,3.74386E+11,3.39998E+11
209,Solomon Islands,SLB,214727767.6,227641078.5,269116491.9,300843868.6,402868080.5,469479432.7,510598923.3,526514030.5,457679209.2,488001488.2,419933580.9,409435392.2,346431958.3,352522682.2,397611126.7,476898763.6,538668769.3,620230005.2,699157191,735940409.7,846797693.6,1049952233,1190994127,1284698922,1335538893,1307061544,1378551118,1483758907,1574599183,1570093229,1545888426
210,Sierra Leone,SLE,649644826.8,779981458.9,679997997.6,768812334.8,911915970.7,870758739.4,941742152.7,850218033.6,672375927.3,669384768.9,635874002.2,1090467712,1253340520,1385810072,1448536631,1650494367,1885112202,2158496873,2505458705,2453899847,2578026297,2942546781,3801862611,4920343195,5015157816,4218723875,3674794530,3719369107,4085114794,4076578543,4063289450
211,El Salvador,SLV,4817542204,5252342400,5813399300,6680269200,7679384000,8921947100,9586327800,10221705900,10936669900,11284197000,11784927700,12282533600,12664190300,13243892200,13724810900,14698000000,15999890000,17011750000,17986890000,17601620000,18447920000,20283780000,21386150000,21990960000,22593470000,23438240000,24191430000,24979190000,26020850000,26896660000,24638720000
215,Sub-Saharan Africa (excluding high income),SSA,3.33465E+11,3.37221E+11,3.37467E+11,3.31193E+11,3.23359E+11,3.7579E+11,3.92273E+11,4.07163E+11,3.93976E+11,3.97843E+11,4.22307E+11,4.05202E+11,4.40427E+11,5.55266E+11,6.90424E+11,8.20102E+11,9.66851E+11,1.12052E+12,1.27323E+12,1.21799E+12,1.43714E+12,1.61232E+12,1.67618E+12,1.78302E+12,1.83389E+12,1.678E+12,1.56114E+12,1.66647E+12,1.75187E+12,1.80137E+12,1.70234E+12
217,Sub-Saharan Africa,SSF,3.33834E+11,3.37596E+11,3.37902E+11,3.3167E+11,3.23849E+11,3.76302E+11,3.92779E+11,4.07729E+11,3.94588E+11,3.9847E+11,4.22926E+11,4.05828E+11,4.41129E+11,5.55976E+11,6.91268E+11,8.21025E+11,9.67871E+11,1.12155E+12,1.2742E+12,1.21883E+12,1.43811E+12,1.61338E+12,1.67724E+12,1.78435E+12,1.83524E+12,1.67938E+12,1.56257E+12,1.668E+12,1.75341E+12,1.80295E+12,1.7034E+12
218,Small states,SST,74735513587,76319898938,81198652883,80092773732,84285950115,95870341561,1.01912E+11,1.08978E+11,1.08832E+11,1.16633E+11,1.29063E+11,1.29579E+11,1.3866E+11,1.65859E+11,1.9964E+11,2.37866E+11,2.77064E+11,3.32119E+11,3.99977E+11,3.42525E+11,3.93562E+11,4.74317E+11,4.94442E+11,5.14124E+11,5.29896E+11,4.52207E+11,4.44926E+11,4.79918E+11,5.27519E+11,5.19587E+11,4.51424E+11
220,Suriname,SUR,388400000,448100000,404600000,428764705.9,605492537.3,691590497.7,861411471.3,926422500,1110850000,886290697.7,947671969.7,834279357.8,1093574468,1274190311,1484092538,1793388732,2626380435,2936612022,3532969035,3875409836,4368398048,4422276622,4980000000,5145757576,5240606061,5126291451,3317438911,3591623596,3996247906,3984483762,2884248048
221,Slovak Republic,SVK,12747380650,14272201755,15495514297,16520676974,20162936291,25840146405,27925036755,27706028096,29856000671,30453383763,29169953013,30752150336,35130340674,46816589165,57332015148,62785305310,70708098106,86454081577,1.0047E+11,89046289247,90712671901,99362720494,94258572686,98541305462,1.00955E+11,88601289843,89614053144,95157888667,1.05561E+11,1.05284E+11,1.05173E+11
223,Sweden,SWE,2.61846E+11,2.74229E+11,2.84321E+11,2.12953E+11,2.29034E+11,2.67306E+11,2.91744E+11,2.68146E+11,2.70809E+11,2.74072E+11,2.62835E+11,2.42396E+11,2.66849E+11,3.34337E+11,3.85118E+11,3.92218E+11,4.23093E+11,4.91253E+11,5.17706E+11,4.36537E+11,4.95813E+11,5.74094E+11,5.52484E+11,5.86842E+11,5.81964E+11,5.05104E+11,5.15655E+11,5.41019E+11,5.55455E+11,5.3388E+11,5.4122E+11
224,Eswatini,SWZ,1114703088,1156141998,1284766234,1357206996,1419293455,1698982438,1602760100,1716699913,1576904292,1547884442,1738100853,1542477309,1432228125,2197612701,2770082792,3178126492,3291353836,3469363996,3294093485,3580417067,4438778424,4820499924,4886533033,4597532030,4422968340,4063245671,3816022047,4402969226,4665420239,4495679481,3972728948
226,Seychelles,SYC,368584758.9,374359556.1,433667193.8,473916819.5,486451204.6,508221508.2,503068472.2,562958836.5,608369282.2,622985493.7,614879764.8,622262057.2,697518248.2,705704816,839319927.3,919103254.5,1016418229,1033561654,967199594,847397850.1,969936525.3,1065826670,1060226126,1328157609,1343007845,1377495054,1426651769,1528242026,1547690759,1582841059,1059886364
229,Chad,TCD,1738605558,1877138042,1881847677,1463251055,1179837955,1445919970,1607345450,1544689503,1744794457,1534673583,1388506727,1710843361,1997005787,2742815195,4422855929,6649307057,7428701809,8650138069,10393834721,9290728773,10668102735,12172309523,12367363678,12953535496,13940768066,10950392220,10097778354,10000395242,11239167048,11314951343,10829076802
230,East Asia & Pacific (IDA & IBRD countries),TEA,6.8548E+11,7.47741E+11,8.43371E+11,9.35961E+11,1.13493E+12,1.40986E+12,1.62939E+12,1.71922E+12,1.63906E+12,1.87074E+12,2.0955E+12,2.29197E+12,2.71813E+12,3.36511E+12,4.09958E+12,4.95157E+12,6.19386E+12,8.23552E+12,1.08321E+13,1.20306E+13,1.43824E+13,1.74412E+13,1.07606E+13,1.18132E+13,1.27349E+13,1.32642E+13,1.35429E+13,1.48005E+13,1.65539E+13,1.71136E+13,1.74267E+13
231,Europe & Central Asia (IDA & IBRD countries),TEC,9.992E+11,9.94939E+11,9.37403E+11,9.32075E+11,8.37805E+11,9.23622E+11,9.50558E+11,9.80347E+11,9.47802E+11,8.21586E+11,8.94263E+11,9.09749E+11,1.02302E+12,1.25792E+12,1.62813E+12,2.04004E+12,2.46759E+12,3.17362E+12,3.92905E+12,3.11472E+12,3.65963E+12,4.4448E+12,4.64105E+12,4.92093E+12,4.64659E+12,3.62711E+12,3.49078E+12,3.9126E+12,4.07365E+12,4.15345E+12,3.87673E+12
232,Togo,TGO,1628427515,1602299863,1692959110,1233496846,982624324.5,1309382885,1465448290,1498950899,1587345951,1576672792,1491891108,1482437752,1706698099,2115836353,2259992642,2281482855,2351584608,2662612348,3323677130,3379258565,3429461495,3872459250,3873308389,4321655656,4574986537,4180866177,6031632168,6395472574,7112200725,7220395248,7574636979
233,Thailand,THA,85343063966,98234695722,1.11453E+11,1.28889E+11,1.46683E+11,1.69279E+11,1.83035E+11,1.50181E+11,1.13676E+11,1.26669E+11,1.26392E+11,1.20296E+11,1.34301E+11,1.52281E+11,1.72896E+11,1.89319E+11,2.21758E+11,2.62942E+11,2.91383E+11,2.8171E+11,3.41105E+11,3.70819E+11,3.97558E+11,4.20333E+11,4.07339E+11,4.01296E+11,4.13366E+11,4.56357E+11,5.06611E+11,5.44264E+11,5.01644E+11
234,Tajikistan,TJK,2629395852,1352000000,2156666667,1644325581,1518796992,1231040564,1043654822,921572114.5,1320242081,1086605267,860521119.3,1080768907,1221120799,1555301496,2076182461,2312327536,2830220713,3719506173,5161337336,4979481980,5642178580,6522732203,7633049792,8448469838,9112544556,8271454301,6992393787,7536439875,7765014424,8300784857,8194150302
236,Latin America & the Caribbean (IDA & IBRD countries),TLA,1.03807E+12,1.12193E+12,1.23063E+12,1.43531E+12,1.68711E+12,1.83372E+12,1.99307E+12,2.18626E+12,2.19961E+12,1.96853E+12,2.1774E+12,2.11938E+12,1.88613E+12,1.92099E+12,2.22499E+12,2.70927E+12,3.18625E+12,3.77359E+12,4.40752E+12,4.12949E+12,5.15915E+12,5.88516E+12,5.94253E+12,6.09059E+12,6.20969E+12,5.14258E+12,5.0145E+12,5.59091E+12,5.46207E+12,5.37651E+12,4.47821E+12
238,Middle East & North Africa (IDA & IBRD countries),TMN,5.02613E+11,2.60425E+11,2.86789E+11,2.94463E+11,3.15701E+11,3.67911E+11,4.24487E+11,4.48651E+11,4.57187E+11,4.97322E+11,5.277E+11,5.33951E+11,5.19902E+11,5.67774E+11,6.74691E+11,7.96901E+11,9.24583E+11,1.13407E+12,1.40005E+12,1.36447E+12,1.56984E+12,1.55444E+12,1.68773E+12,1.5583E+12,1.53367E+12,1.37189E+12,1.38849E+12,1.36856E+12,1.30394E+12,1.3264E+12,1.18018E+12
239,Tonga,TON,113563821.6,132201141.4,137066290.6,138489884.4,195990986.2,208871665.7,222100576.3,214991452.3,191504892.8,199214633.2,204849612.6,181116952.8,182763693.9,202246959.7,230657965.5,261797606.1,292232117.1,298513956.2,344428609,312377379.3,366840012.4,414523388.5,470714083.4,450643615.2,439878828,437006227.2,420540178.6,460379145,489235527.4,512350059.4,488829964.1
240,South Asia (IDA & IBRD),TSA,4.07187E+11,3.62263E+11,3.84734E+11,3.811E+11,4.32324E+11,4.7985E+11,5.2497E+11,5.50712E+11,5.58425E+11,5.98324E+11,6.30429E+11,6.4587E+11,6.77627E+11,7.91003E+11,9.17089E+11,1.05059E+12,1.19609E+12,1.50419E+12,1.52747E+12,1.68343E+12,2.06078E+12,2.27455E+12,2.30009E+12,2.35961E+12,2.58456E+12,2.69943E+12,2.92645E+12,3.34811E+12,3.43659E+12,3.59725E+12,3.38642E+12
241,Sub-Saharan Africa (IDA & IBRD countries),TSS,3.33834E+11,3.37596E+11,3.37902E+11,3.3167E+11,3.23849E+11,3.76302E+11,3.92779E+11,4.07729E+11,3.94588E+11,3.9847E+11,4.22926E+11,4.05828E+11,4.41129E+11,5.55976E+11,6.91268E+11,8.21025E+11,9.67871E+11,1.12155E+12,1.2742E+12,1.21883E+12,1.43811E+12,1.61338E+12,1.67724E+12,1.78435E+12,1.83524E+12,1.67938E+12,1.56257E+12,1.668E+12,1.75341E+12,1.80295E+12,1.7034E+12
242,Trinidad and Tobago,TTO,5068000000,5307905882,5439552941,4669488516,4947205860,5329214163,5759537726,5737751332,6043694330,6808982521,8154338233,8824873259,9008273721,11305459802,13280275123,15982282462,18369361094,21641620050,27871587350,19172165226,22157948396,25433011405,25763220107,27268478565,27615843098,24959858249,22386264807,22385426654,23679919655,23208326548,21588037505
243,Tunisia,TUN,12290568182,13074782609,15497286296,14608946896,15632463424,18030876599,19587322786,20746360430,21803372267,22943685719,21473261837,22066031834,23142153760,27453007373,31183059012,32273007554,34377310293,38914078352,44860969077,43454935940,46206331261,48122838145,47311196335,48683848564,50271342086,45780069047,44360775649,42163974956,42570270107,41804581484,41620349986
244,Turkey,TUR,1.50676E+11,1.50028E+11,1.58459E+11,1.8017E+11,1.3069E+11,1.69486E+11,1.81476E+11,1.89835E+11,2.75967E+11,2.56386E+11,2.74303E+11,2.01751E+11,2.40253E+11,3.14592E+11,4.08876E+11,5.06308E+11,5.57058E+11,6.81337E+11,7.70462E+11,6.49273E+11,7.76993E+11,8.38763E+11,8.80556E+11,9.57783E+11,9.38953E+11,8.64317E+11,8.69693E+11,8.58996E+11,7.78472E+11,7.61004E+11,7.19955E+11
245,Tuvalu,TUV,8824447.74,9365165.914,9742949.471,9630762.954,10886825.56,11025945.14,12334846.23,12700905.45,12757632.87,13687141.11,13742057.05,13196544.95,15450994.24,18231078.54,21534931.61,21839098.89,22902861.45,27030374.03,30290219.76,27101076.28,31823518.62,38711810.21,37671774.69,37509075.11,37290607.54,35492074.22,36547799.58,40619251.99,42588164.97,47271463.33,48855550.2
246,Tanzania,TZA,4258743263,4956588279,4601413264,4257702197,4510846968,5255221425,6496195451,7683852497,12270448700,12711213451,13375976354,13581644246,14142035080,15224257698,16675948415,18399046025,18649590248,21843529025,27941177435,29081425282,32014249841,34657139495,39650530214,45680532614,49964788814,47378599025,49774021003,53320625959,57003713611,61136873692,62409709111
247,Uganda,UGA,4304398866,3321729057,2857457860,3220439044,3990430447,5755818947,6044585327,6269333313,6584815847,5998563258,6193246837,5840503869,6178563591,6606884391,7939487474,9239221859,9977647645,11902564401,14440404021,25127805566,26673441667,27871725206,27305915761,28915786997,32612397758,32387183845,29203988815,30744473912,32927025573,35353060634,37600368181
249,Upper middle income,UMC,2.58819E+12,2.5054E+12,2.62172E+12,2.87939E+12,3.19541E+12,3.59555E+12,3.90968E+12,4.18519E+12,4.13444E+12,3.90545E+12,4.31239E+12,4.33682E+12,4.37474E+12,4.90192E+12,5.87703E+12,7.06556E+12,8.39339E+12,1.0424E+13,1.27152E+13,1.22248E+13,1.48408E+13,1.78902E+13,1.91576E+13,2.05784E+13,2.12189E+13,1.99218E+13,1.98206E+13,2.19395E+13,2.36387E+13,2.40353E+13,2.31507E+13
250,Uruguay,URY,9298839655,11205971155,12878199881,15002106518,17474647792,19297663097,20515543039,23969823010,25385928189,23983945191,22823255802,20898788417,13606494599,12045631093,13686329890,17362857684,19579457966,23410572634,30366213119,31660911277,40284481652,47962439304,51264390116,57531233351,57236013086,53274304222,57236652490,64233966861,64515038268,61231149881,53628827440
251,United States,USA,5.96314E+12,6.15813E+12,6.52033E+12,6.85856E+12,7.28724E+12,7.63975E+12,8.07312E+12,8.57755E+12,9.06282E+12,9.63066E+12,1.02523E+13,1.05818E+13,1.09364E+13,1.14582E+13,1.22137E+13,1.30366E+13,1.38146E+13,1.44519E+13,1.47128E+13,1.44489E+13,1.49921E+13,1.55426E+13,1.6197E+13,1.67848E+13,1.75272E+13,1.82383E+13,1.87451E+13,1.9543E+13,2.06119E+13,2.14332E+13,2.08937E+13
252,Uzbekistan,UZB,13360607918,13677622222,12941297376,13099013836,12899156991,13350468917,13948892216,14744603774,14988971211,17078465982,13760513969,11401421329,9687788513,10134453435,12030023548,14307509839,17330833853,22311393928,29549438884,33689223673,49765676402,60178909297,67517349212,73180036692,80845384375,86196265192,86138288615,62081323299,52633143808,59907674027,59929951114
253,St. Vincent and the Grenadines,VCT,240366666.7,254829629.6,277955555.6,286307407.4,289437037,316007407.4,331488888.9,347770370.4,373618518.5,390718518.5,396262963,430040740.7,461885185.2,481807407.4,521974074.1,550729629.6,610929629.6,684444444.4,695429629.6,674922222.2,681225925.9,676129629.6,692933333.3,721207407.4,727714814.8,755400000,774429629.6,792177777.8,811300000,825040740.7,807474074.1
257,Vietnam,VNM,6471740806,9613369520,9866990236,13180953598,16286433533,20736164459,24657470575,26843700442,27209602050,28683659007,31172518403,32685198735,35064105501,39552513316,45427854693,57633255618,66371664817,77414425532,99130304099,1.06015E+11,1.15932E+11,1.35539E+11,1.5582E+11,1.71222E+11,1.86205E+11,1.93241E+11,2.05276E+11,2.2378E+11,2.45214E+11,2.61921E+11,2.71158E+11
258,Vanuatu,VUT,168879207.2,201334169.1,209088824.6,200491853.2,233701301.5,249333250.1,261370044.5,272771209.1,262293410.7,268006972.7,272014693.1,257926881.7,262596597.8,314471328.1,364996869.1,394962552.3,439376794.1,516392922.5,590748237,592622502.4,670713208.1,770153304.2,747839697.7,758304466.2,772315721.3,730870581.7,780889605.9,880043553.7,914727908.1,934521604.6,881547928.6
259,World,WLD,2.27172E+13,2.37041E+13,2.54151E+13,2.58659E+13,2.79382E+13,3.11321E+13,3.18485E+13,3.17684E+13,3.17483E+13,3.30308E+13,3.41786E+13,3.40558E+13,3.55607E+13,4.01851E+13,4.55167E+13,4.9623E+13,5.42281E+13,6.18364E+13,6.88776E+13,6.62874E+13,7.30176E+13,8.14928E+13,7.5356E+13,7.74274E+13,7.95311E+13,7.51008E+13,7.6294E+13,8.11819E+13,8.62512E+13,8.75552E+13,8.46799E+13
260,Samoa,WSM,125766269.8,125597205.4,132303041.4,133122897.2,221098106.5,224865731.4,249908970.7,285475591.9,269481523.2,258833766.6,269019710.3,273088357.2,288078881.4,338838639.4,420320176.4,465568018.3,505832439.8,570469196.7,619260721.6,584706020.2,663155955,737147951.1,760319276,770059551,756805940.2,787958585.9,799493884.3,832025574,821286927.5,852007112.7,807100820.6
263,South Africa,ZAF,1.15552E+11,1.23943E+11,1.34545E+11,1.47197E+11,1.53513E+11,1.71735E+11,1.63237E+11,1.68977E+11,1.52983E+11,1.51517E+11,1.51753E+11,1.3543E+11,1.29088E+11,1.9702E+11,2.55807E+11,2.88868E+11,3.03861E+11,3.33075E+11,3.16132E+11,3.29753E+11,4.17365E+11,4.58202E+11,4.34401E+11,4.00886E+11,3.81199E+11,3.4671E+11,3.23586E+11,3.81449E+11,4.04842E+11,3.87935E+11,3.35442E+11
264,Zambia,ZMB,3285217391,3378882353,3181921788,3273237853,3656647744,3807067122,3597220962,4303281932,3537683046,3404311977,3600683040,4094480988,4193845678,4901839731,6221077675,8331870169,12756858899,14056957976,17910858638,15328342304,20265559484,23459515276,25503060420,28037239463,27141023558,21251216799,20958412538,25873601261,26311590297,23308667781,18110631358
265,Zimbabwe,ZWE,8783816700,8641481700,6751472200,6563813300,6890675000,7111270700,8553146600,8529571600,6401968200,6858013100,6689957600,6777384700,6342116400,5727591800,5805598400,5755215200,5443896500,5291950100,4415702800,9665793300,12041655200,14101920300,17114849900,19091020000,19495519600,19963120600,20548678100,17584890937,18115543791,19284289739,18051170799
